,ASYS,CCGI,GE,PCRFY,TSLA,Volume,ElonMusk
1257,7.08,1.39,19.32,7.29,32.47,1157969.0,0.0
1256,7.33,1.21,19.25,7.15,30.19,3097180.0,32.0
1255,6.96,1.37,18.91,7.29,30.06,1928123.0,33.0
1254,6.8,1.37,19.09,7.21,32.96,5556301.0,100.0
1253,5.4,1.47,19.01,7.05,32.25,1221005.0,0.0
1252,5.11,1.4,18.6,7.07,30.06,1380742.0,52.0
1251,4.79,1.3,18.4,6.83,29.43,1585532.0,50.0
1250,4.6,1.3,19.0,6.66,29.18,1256184.0,49.0
1249,4.46,1.1,18.88,6.87,28.57,1148918.0,32.0
1248,4.11,1.35,18.95,6.7,27.56,1616487.0,33.0
1247,4.16,1.25,19.12,6.76,28.77,1475170.0,0.0
1246,4.24,1.12,19.18,6.74,30.79,2366170.0,40.0
1245,4.41,1.12,19.18,6.57,31.02,1220349.0,34.0
1244,4.32,1.12,19.25,6.68,30.32,1075520.0,33.0
1243,4.35,1.15,19.2,6.49,29.81,757009.0,65.0
1242,4.36,1.02,19.35,6.71,31.69,1647379.0,30.0
1241,4.4,0.95,19.04,6.45,30.41,1307141.0,30.0
1240,4.52,1.08,19.09,6.55,29.5,1118365.0,36.0
1239,4.71,1.0,18.54,6.32,28.15,885710.0,36.0
1238,4.51,1.12,18.15,6.37,27.88,1030834.0,61.0
1237,4.54,1.15,18.24,6.48,27.91,630885.0,30.0
1236,4.89,1.15,18.88,6.78,29.22,909808.0,59.0
1235,4.5,1.15,19.0,6.86,28.93,492015.0,29.0
1234,4.58,1.25,19.2,6.78,30.08,879409.0,58.0
1233,4.38,1.1,19.11,6.9,29.12,635317.0,35.0
1232,4.54,1.12,19.48,7.02,29.66,568994.0,35.0
1231,4.54,1.12,19.37,6.84,29.77,844371.0,63.0
1230,4.61,1.12,19.72,7.06,29.39,872161.0,30.0
1229,4.38,1.02,20.0,7.26,29.91,646594.0,30.0
1228,4.22,1.03,19.75,7.35,31.84,1256796.0,30.0
1227,4.19,1.02,20.0,7.46,32.09,910829.0,59.0
1226,4.35,1.0,20.1,7.6,33.78,3422342.0,35.0
1225,4.22,1.0,19.53,7.55,32.19,1889095.0,53.0
1224,4.28,1.1,19.81,7.8,33.785,3009780.0,32.0
1223,4.16,0.95,19.52,7.76,33.11,1495174.0,82.0
1222,4.16,1.05,19.8,7.82,31.61,2613849.0,45.0
1221,3.97,1.0,20.13,7.85,31.96,1047194.0,44.0
1220,3.86,1.05,20.2,7.93,31.41,914040.0,29.0
1219,3.76,1.1,20.84,8.1,31.29,1125704.0,69.0
1218,3.79,1.0,20.49,7.98,30.4,1307529.0,70.0
1217,3.96,1.0,20.43,8.05,30.66,947128.0,32.0
1216,4.27,1.04,20.33,7.82,31.23,1253766.0,30.0
1215,4.14,1.0,20.0,7.79,30.99,784461.0,0.0
1214,4.17,1.03,20.04,7.71,31.49,906915.0,44.0
1213,4.12,1.05,19.62,7.63,31.27,758352.0,32.0
1212,4.18,1.01,19.68,7.33,31.51,638516.0,76.0
1211,4.15,1.05,19.44,6.98,32.7,1125670.0,0.0
1210,4.14,1.1,19.77,7.1,34.25,1304512.0,0.0
1209,4.15,1.13,19.59,7.07,35.96,1743908.0,32.0
1208,4.04,1.28,19.72,6.84,33.35,2569213.0,30.0
1207,4.11,1.3,19.84,6.84,32.15,2881884.0,30.0
1206,4.18,1.44,19.8,6.84,32.27,1435878.0,30.0
1205,4.22,1.49,19.87,6.55,31.79,1568466.0,35.0
1204,4.11,1.49,20.09,6.34,30.66,1386643.0,36.0
1203,4.3,1.4,19.97,6.42,29.84,1500251.0,47.0
1202,4.3,1.4,20.0,6.19,28.95,2821466.0,45.0
1201,4.295,1.3,20.56,6.4,28.13,2262205.0,30.0
1200,4.41,1.3,20.92,6.79,29.51,1672968.0,30.0
1199,4.21,1.3,20.8,6.65,27.35,2065200.0,73.0
1198,4.25,1.2,20.75,6.92,27.42,1575060.0,34.0
1197,4.16,1.3,20.73,7.38,26.25,1591988.0,0.0
1196,4.31,1.2,20.52,7.3,26.1,1305016.0,0.0
1195,4.38,1.3,20.96,7.26,27.27,1209470.0,60.0
1194,4.16,1.25,20.97,7.25,28.27,1528169.0,45.0
1193,4.08,1.15,21.12,7.29,30.25,2387184.0,39.0
1192,3.96,1.2,21.01,7.19,29.09,1308895.0,73.0
1191,4.11,1.22,21.06,7.3,29.41,671608.0,69.0
1190,3.89,1.15,21.1,7.43,29.94,707390.0,0.0
1189,3.88,1.16,20.99,7.35,31.17,870050.0,31.0
1188,3.92,1.1,20.94,7.11,29.42,793336.0,30.0
1187,3.9,1.21,20.96,6.9,29.4,525385.0,30.0
1186,3.93,1.2,21.05,7.25,30.3,668973.0,30.0
1185,3.99,1.2,21.0,7.38,30.01,508122.0,30.0
1184,3.95,1.25,20.93,7.4,29.51,1179008.0,0.0
1183,3.98,1.1,20.85,7.31,29.11,761516.0,35.0
1182,3.88,1.09,20.78,7.16,29.95,775490.0,32.0
1181,3.99,1.01,20.64,7.12,30.73,1470974.0,60.0
1180,3.98,1.04,20.8,7.06,29.5,1429311.0,29.0
1179,3.97,1.01,20.85,7.07,28.32,1350325.0,30.0
1178,3.91,1.03,20.81,6.92,28.69,1402656.0,0.0
1177,3.94,1.02,20.82,7.0,28.41,838883.0,35.0
1176,3.92,1.02,20.64,6.86,28.41,656307.0,35.0
1175,3.95,1.2,20.71,6.83,28.52,539736.0,0.0
1174,3.99,1.12,20.51,6.76,28.14,752496.0,30.0
1173,3.94,1.03,20.65,6.65,27.94,639227.0,44.0
1172,3.92,1.01,21.31,6.82,28.55,841643.0,30.0
1171,3.91,1.0,21.59,6.95,29.35,953151.0,30.0
1170,3.91,1.0,21.48,6.85,27.37,1483015.0,35.0
1169,3.93,0.95,21.59,6.83,27.8,1014671.0,35.0
1168,3.91,1.01,21.89,7.0,28.28,1128834.0,62.0
1167,3.93,1.03,22.02,7.27,29.48,1478686.0,31.0
1166,3.82,1.03,22.11,7.32,30.39,1536569.0,0.0
1165,3.76,1.02,22.05,7.21,32.54,3212741.0,46.0
1164,3.72,1.09,22.24,7.13,31.34,1788480.0,30.0
1163,3.63,1.05,22.43,7.24,31.05,1048457.0,35.0
1162,3.58,1.05,22.43,7.08,30.9,912372.0,58.0
1161,3.57,1.1,22.53,6.89,30.02,1869970.0,0.0
1160,3.56,1.17,22.36,6.71,30.66,1301404.0,30.0
1159,3.52,1.25,22.31,6.77,27.66,5670068.0,30.0
1158,3.53,1.25,22.1,6.57,27.54,1527176.0,59.0
1157,3.38,1.25,22.73,6.69,28.49,1758153.0,29.0
1156,3.31,1.25,22.71,6.57,29.28,4342689.0,35.0
1155,3.225,1.39,22.81,6.58,29.16,884305.0,0.0
1154,3.32,1.3,22.79,6.47,29.8,728969.0,62.0
1153,3.28,1.39,22.91,6.42,29.3,1049718.0,0.0
1152,3.28,1.4,22.95,6.46,29.4,1541207.0,60.0
1151,3.26,1.47,23.12,6.47,28.89,938359.0,30.0
1150,3.22,1.6,22.92,6.45,29.25,889679.0,45.0
1149,3.12,1.5,22.62,6.22,28.37,1192092.0,52.0
1148,3.12,1.52,22.43,6.05,28.4,503563.0,35.0
1147,3.12,1.6,22.51,6.11,28.32,450571.0,31.0
1146,3.15,1.6,22.48,6.11,27.64,987535.0,30.0
1145,3.22,1.6,22.64,6.21,27.33,1468667.0,30.0
1144,3.31,1.5,22.64,6.38,28.06,479248.0,0.0
1143,3.3,1.5,22.91,6.43,28.8191,667963.0,29.0
1142,3.31,1.45,22.81,6.43,28.04,740947.0,0.0
1141,3.36,1.41,22.03,6.38,27.74,1027302.0,0.0
1140,3.36,1.5,21.7,6.48,27.85,470198.0,51.0
1139,3.32,1.45,21.28,6.39,28.39,748998.0,0.0
1138,3.36,1.41,21.26,6.36,27.42,1016368.0,30.0
1137,3.37,1.49,21.26,6.27,27.52,577686.0,60.0
1136,3.366,1.61,21.11,6.12,27.38,477305.0,0.0
1135,3.2,1.55,21.06,5.53,28.1314,775142.0,69.0
1134,3.17,1.55,21.34,5.23,29.2454,1024054.0,35.0
1133,3.17,1.65,21.31,5.0,28.9182,1030265.0,0.0
1132,3.15,1.62,21.41,4.77,31.5,2048767.0,30.0
1131,3.13,1.76,21.59,4.81,31.15,2323743.0,60.0
1130,3.19,1.73,21.13,4.81,31.54,1714469.0,40.0
1129,3.12,1.78,20.89,4.86,31.31,1273986.0,29.0
1128,3.06,2.0,21.0,4.93,30.32,862928.0,70.0
1127,3.04,1.91,20.89,4.91,31.07,555896.0,35.0
1126,3.01,1.65,20.68,4.84,31.6143,998263.0,31.0
1125,3.03,1.6,20.01,4.63,31.38,871215.0,45.0
1124,3.0,1.8,20.06,4.93,30.82,983841.0,59.0
1123,2.944,1.78,20.15,5.1,31.8399,908650.0,30.0
1122,2.95,1.59,20.66,5.22,32.92,1392168.0,30.0
1121,2.91,1.5,20.62,4.87,33.0,922427.0,35.0
1120,2.99,1.55,20.68,4.94,32.47,963133.0,0.0
1119,2.97,1.6,21.04,4.88,32.13,430212.0,95.0
1118,2.97,1.59,21.06,4.88,32.27,495739.0,46.0
1117,3.09,1.45,20.87,4.83,32.15,910770.0,30.0
1116,3.07,1.57,21.14,4.9,33.23,1525199.0,45.0
1115,3.14,1.87,21.13,4.95,33.69,1103315.0,60.0
1114,3.22,1.79,21.13,4.96,33.82,1420284.0,35.0
1113,3.1574,1.68,20.82,4.94,34.62,2085639.0,53.0
1112,3.08,1.6,20.86,4.94,33.9,1263240.0,31.0
1111,2.985,1.55,21.23,4.99,33.71,661486.0,31.0
1110,2.96,1.51,21.37,4.96,33.9,657256.0,0.0
1109,2.9,1.57,21.46,5.11,34.17,664386.0,31.0
1108,2.95,1.63,21.39,5.06,34.57,929751.0,32.0
1107,2.96,1.51,21.51,5.06,35.28,1572310.0,36.0
1106,3.1,1.65,21.78,5.43,35.26,2063727.0,0.0
1105,3.0,1.58,21.62,5.74,33.61,2150624.0,33.0
1104,3.0,1.58,21.62,5.71,33.81,1022743.0,49.0
1103,3.04,1.55,21.93,5.89,34.4,824809.0,41.0
1102,3.13,1.55,21.69,5.82,34.59,1553836.0,38.0
1101,3.28,1.5,21.01,5.87,34.61,1269531.0,34.0
1100,3.25,1.6,21.05,6.07,34.43,921194.0,38.0
1099,3.28,1.46,20.88,6.02,34.0,1492306.0,0.0
1098,3.29,1.5,20.82,6.0,34.28,375796.0,35.0
1097,3.28,1.5,20.77,5.98,33.59,601384.0,36.0
1096,3.1314,1.45,20.69,6.04,33.69,561085.0,42.0
1095,3.122,1.46,20.44,5.95,33.22,414035.0,96.0
1094,3.22,1.6,20.99,6.07,33.87,594846.0,70.0
1093,3.39,1.41,21.34,6.27,35.36,1194710.0,39.0
1092,3.68,1.5,21.1,6.23,34.77,741941.0,35.0
1091,3.9,1.45,21.2,6.15,34.4,673993.0,23.0
1090,3.81,1.46,21.13,6.1,34.34,441909.0,21.0
1089,3.84,1.45,20.9,5.92,33.68,1283743.0,33.0
1088,3.98,1.4,20.95,5.95,33.64,697979.0,38.0
1087,3.99,1.35,21.17,6.1,33.53,922405.0,0.0
1086,3.98,1.49,21.13,6.26,32.91,1562974.0,19.0
1085,4.01,1.49,21.12,6.32,33.26,925018.0,33.0
1084,3.85,1.37,21.2,6.4,33.9,1623845.0,22.0
1083,3.81,1.36,21.12,6.35,34.1,1378138.0,0.0
1082,3.81,1.5,21.3,6.5,34.38,1436604.0,0.0
1081,3.94,1.6,22.04,6.71,34.52,3555074.0,25.0
1080,4.03,1.47,22.01,6.62,35.19,1920131.0,37.0
1079,4.169,1.4,21.94,6.6,36.0,1563452.0,0.0
1078,4.05,1.44,22.05,6.65,36.99,1970389.0,21.0
1077,4.02,1.45,22.29,6.76,36.98,1287703.0,22.0
1076,3.92,1.5,22.5,6.72,38.03,1985892.0,19.0
1075,3.96,1.5,22.5,6.72,37.95,1426503.0,28.0
1074,3.93,1.45,22.23,6.67,37.52,968098.0,18.0
1073,3.91,1.4,22.28,6.61,37.51,901318.0,18.0
1072,3.93,1.4,22.62,6.88,38.3,1100390.0,18.0
1071,3.93,1.45,22.31,7.72,37.74,1127989.0,21.0
1070,3.96,1.4,22.54,7.95,38.13,1310192.0,22.0
1069,3.96,1.41,22.44,7.96,39.17,1892848.0,20.0
1068,3.96,1.45,22.48,8.03,39.48,1196521.0,20.0
1067,3.95,1.45,22.5,7.74,39.24,1139533.0,25.0
1066,3.93,1.46,22.45,7.87,38.42,3265648.0,24.0
1065,3.98,1.4,22.58,7.52,37.89,2260409.0,18.0
1064,4.24,1.4,23.39,7.29,38.45,966802.0,21.0
1063,4.47,1.36,23.41,7.2,38.3,990640.0,0.0
1062,4.75,1.32,23.29,7.27,37.04,2017449.0,19.0
1061,4.63,1.42,23.75,7.16,39.28,2700540.0,19.0
1060,4.42,1.4,23.41,7.29,38.54,3078371.0,0.0
1059,4.218,1.32,23.26,7.15,35.16,9035810.0,28.0
1058,4.18,1.47,23.39,7.26,36.11,2545223.0,18.0
1057,4.15,1.46,22.81,7.09,34.38,2889237.0,22.0
1056,4.13,1.3,23.05,7.24,34.43,2762900.0,22.0
1055,3.97,1.13,23.37,7.23,35.1,1959129.0,0.0
1054,3.99,1.25,23.22,7.21,34.83,1964893.0,19.0
1053,3.96,1.25,23.19,7.2,34.65,1546400.0,28.0
1052,3.8,1.3,23.27,7.12,35.58,1757660.0,0.0
1051,3.7,1.41,23.59,7.21,36.65,2086969.0,19.0
1050,3.78,1.25,23.67,7.24,37.69,1149925.0,65.0
1049,3.73,1.25,23.68,7.08,38.23,1158254.0,0.0
1048,3.9,1.28,23.77,7.05,38.47,912052.0,39.0
1047,3.96,1.23,23.62,7.05,39.1,1579440.0,19.0
1046,4.02,1.34,23.41,7.27,39.12,1274426.0,37.0
1045,4.04,1.35,23.49,7.15,38.98,821986.0,37.0
1044,3.94,1.35,23.69,7.12,36.85,2020811.0,19.0
1043,3.56,1.33,23.44,7.16,35.29,3279577.0,0.0
1042,3.43,1.3,23.25,7.37,35.15,1316036.0,0.0
1041,3.49,1.31,23.32,7.23,35.08,1083765.0,42.0
1040,3.61,1.35,23.46,7.44,35.95,1422984.0,0.0
1039,3.58,1.29,23.29,7.27,36.01,1146287.0,0.0
1038,3.53,1.33,23.37,7.25,36.62,442535.0,25.0
1037,3.6,1.32,23.24,7.14,37.53,2375218.0,19.0
1036,3.6,1.26,23.12,7.15,37.86,1805587.0,22.0
1035,3.5301,1.26,23.1,7.52,38.16,1296283.0,23.0
1034,3.6399,1.3,23.12,7.33,37.89,1158652.0,20.0
1033,3.67,1.26,23.08,6.71,43.93,14088400.0,19.0
1032,3.62,1.2,23.34,6.63,44.34,6600998.0,25.0
1031,3.7,1.18,23.0,6.42,41.1,5643205.0,19.0
1030,3.65,1.2,23.08,6.69,42.01,2264742.0,37.0
1029,3.6,1.25,22.93,6.42,41.37,1552097.0,22.0
1028,3.61,1.3,23.12,6.56,41.83,1679001.0,23.0
1027,3.83,1.3,23.06,6.68,40.5,1696036.0,40.0
1026,3.86,1.25,23.58,6.93,41.86,2121088.0,39.0
1025,3.83,1.2,23.59,7.27,43.59,3446342.0,19.0
1024,3.8,1.29,23.46,7.16,43.75,3149372.0,19.0
1023,3.59,1.2,22.81,7.13,43.3,1677780.0,19.0
1022,3.68,1.15,23.1,7.29,45.59,3180338.0,46.0
1021,3.53,1.24,22.76,7.12,45.45,2118428.0,23.0
1020,3.421,1.15,22.67,7.07,46.97,3367887.0,20.0
1019,3.32,1.15,21.75,7.24,47.83,3011536.0,20.0
1018,3.32,1.19,21.35,7.26,50.19,3939327.0,19.0
1017,3.24,1.3,21.5,7.18,51.01,3733250.0,19.0
1016,3.4,1.3,21.96,7.12,50.43,2629908.0,0.0
1015,3.5,1.37,21.95,7.28,52.0,2795635.0,45.0
1014,3.72,1.37,22.21,7.11,51.2,3620350.0,0.0
1013,3.7,1.3,22.27,7.18,54.94,3638381.0,20.0
1012,3.74,1.35,22.29,7.18,53.99,5522548.0,19.0
1011,3.69,1.33,22.15,7.14,53.28,2742593.0,38.0
1010,3.63,1.31,22.32,7.2,54.11,3045669.0,0.0
1009,3.7,1.23,22.57,7.37,54.55,3378303.0,19.0
1008,3.58,1.25,22.58,7.34,59.5,4365030.0,22.0
1007,3.68,1.2,22.68,7.29,55.51,9985041.0,23.0
1006,3.79,1.25,23.01,7.41,55.7865,5838969.0,20.0
1005,4.05,1.13,22.78,7.39,69.4,28551660.0,20.0
1004,3.87,1.2,22.9,7.66,76.764,25072050.0,0.0
1003,3.99,1.17,22.85,7.94,87.8,22343570.0,0.0
1002,4.05,1.3,23.01,8.61,83.24,37103240.0,19.0
1001,3.92,1.34,23.24,8.77,84.842,16642860.0,22.0
1000,3.791,1.3,23.27,8.56,92.248,21577970.0,35.0
999,3.8,1.26,23.46,8.74,91.5,18986880.0,20.0
998,4.5,1.16,23.57,8.96,89.94,8326361.0,29.0
997,4.7,1.26,23.66,9.25,87.59,8996046.0,19.0
996,4.49,1.26,23.86,9.13,87.24,8564386.0,19.0
995,4.66,1.2,23.66,8.73,92.73,12015700.0,19.0
994,4.7,1.26,23.53,8.65,97.08,16077980.0,44.0
993,5.15,1.25,23.6,8.288,110.334,19596090.0,46.0
992,5.19,1.23,23.64,8.04,104.629,25061470.0,30.0
991,5.36,1.3,23.6,8.1,104.95,16129720.0,39.0
990,5.25,1.34,23.32,7.69,97.76,15145370.0,38.0
989,4.98,1.37,23.64,7.58,92.59,19134000.0,32.0
988,5.08,1.3,23.66,7.83,94.84,8837894.0,19.0
987,5.24,1.28,23.32,7.5,95.37,12209560.0,23.0
986,5.03,1.28,23.38,7.55,97.35,9509080.0,23.0
985,5.07,1.26,23.86,7.59,102.04,10706180.0,41.0
984,5.1,1.27,23.78,7.69,100.05,9207140.0,20.0
983,5.3,1.22,23.58,7.48,94.47,7391870.0,19.0
982,5.25,1.22,23.5,7.61,97.73,9184497.0,19.0
981,5.28,1.27,23.68,7.88,98.18,5961343.0,0.0
980,5.17,1.3,23.52,7.43,100.3,6561448.0,0.0
979,4.89,1.3,23.77,7.77,102.2,7063642.0,0.0
978,4.98,1.36,24.33,7.86,103.39,8793233.0,21.0
977,5.67,1.35,23.98,7.67,104.68,8578292.0,20.0
976,6.35,1.22,23.25,7.3,100.65,10103660.0,26.0
975,6.41,1.24,23.36,7.49,99.55,11702490.0,48.0
974,7.07,1.2,22.93,7.2,101.49,7115222.0,30.0
973,7.27,1.3,23.11,7.4,102.4,5845857.0,24.0
972,7.05,1.3,23.25,7.69,105.72,6592090.0,72.0
971,6.26,1.34,23.32,7.62,109.25,8738707.0,32.0
970,6.36,1.3,23.19,8.09,107.36,5747803.0,20.0
969,6.86,1.21,23.34,8.02,117.179,10882830.0,27.0
968,6.62,1.3,22.9,8.22,117.82,12061590.0,20.0
967,6.37,1.45,22.91,8.18,115.24,4806662.0,34.0
966,6.38,1.4,23.24,8.25,120.09,6815232.0,36.0
965,6.3,1.46,23.32,8.07,121.61,7804363.0,0.0
964,6.34,1.47,23.62,8.19,123.45,8567075.0,22.0
963,6.09,1.4,23.54,8.28,122.27,5692372.0,36.0
962,6.65,1.5,23.94,8.42,125.61,7480691.0,62.0
961,7.21,1.43,23.76,8.43,129.9,11341990.0,100.0
960,7.0,1.46,23.63,8.53,127.26,9914409.0,61.0
959,6.88,1.41,23.43,8.63,109.05,32325350.0,25.0
958,7.0,1.49,23.54,8.8775,120.25,25994150.0,0.0
957,6.56,1.49,23.63,8.85,119.03,11364370.0,22.0
956,6.59,1.49,24.72,8.83,119.68,5883963.0,21.0
955,6.85,1.56,24.86,8.78,122.43,9797193.0,21.0
954,6.6,1.54,24.71,8.9,122.74,7735416.0,20.0
953,6.63,1.43,24.62,8.76,121.7,6866543.0,0.0
952,6.58,1.49,24.69,8.61,124.07,5283874.0,25.0
951,6.699,1.43,24.65,8.71,129.39,9627227.0,0.0
950,6.65,1.55,24.49,8.48,134.62,9678085.0,0.0
949,6.77,1.57,24.48,8.69,131.74,13119920.0,21.0
948,6.854,1.85,24.37,9.01,134.28,6338258.0,41.0
947,6.61,1.9,24.62,9.298,135.55,5307491.0,0.0
946,6.61,1.88,24.7,9.25,138.0,6221159.0,20.0
945,6.38,1.84,24.52,9.12,144.68,10170820.0,25.0
944,6.51,1.75,24.31,9.16,142.15,9252258.0,25.0
943,6.49,1.63,24.34,9.0,134.23,17818600.0,21.0
942,6.45,1.7,24.33,8.83,153.48,27233590.0,0.0
941,6.35,1.69,24.25,8.81,153.0,8926196.0,0.0
940,6.41,1.5,24.27,8.72,147.38,14885790.0,27.0
939,6.39,1.43,24.2,9.0,145.43,8724841.0,40.0
938,6.31,1.29,24.07,8.93,139.36,11680010.0,25.0
937,6.17,1.27,24.0,8.63,139.67,10179070.0,50.0
936,6.04,1.35,23.95,8.58,142.0,7093792.0,22.0
935,5.56,1.44,23.85,8.648,144.9,8021902.0,28.0
934,5.68,1.44,23.72,8.655,149.58,6387825.0,20.0
933,5.8,1.19,23.61,8.63,147.86,6249798.0,21.0
932,5.98,1.24,23.78,8.72,157.1,10544220.0,0.0
931,6.18,1.2,23.78,8.812,161.839,12913320.0,25.0
930,6.18,1.28,23.61,8.77,164.22,24071200.0,0.0
929,6.19,1.21,23.18,8.96,167.01,17515670.0,21.0
928,6.06,1.25,23.2,9.15,166.45,14713320.0,0.0
927,6.15,1.26,23.11,9.16,166.06,9435470.0,0.0
926,6.16,1.3,23.14,9.0,169.0,10997830.0,0.0
925,6.15,1.28,23.06,9.1,168.94,12021470.0,0.0
924,7.11,1.28,23.17,9.24,170.622,11447440.0,0.0
923,7.64,1.27,23.16,9.19,169.93,6685292.0,25.0
922,7.21,1.3,23.16,9.16,166.97,8601839.0,0.0
921,7.08,1.3,23.39,9.34,160.7,14311250.0,0.0
920,7.14,1.31,23.87,9.4,166.37,8947680.0,20.0
919,7.03,1.35,24.09,9.25,163.52,5815497.0,0.0
918,7.04,1.3,23.85,9.16,164.93,6095815.0,20.0
917,6.94,1.22,23.78,9.19,165.54,5396873.0,25.0
916,7.49,1.22,24.14,9.3,166.58,7579727.0,25.0
915,7.47,1.21,24.45,9.4,166.23,5496924.0,0.0
914,7.48,1.23,24.86,9.8,166.218,5322343.0,0.0
913,7.54,1.21,24.46,9.66,177.92,15577020.0,20.0
912,7.38,1.2,24.01,9.67,183.39,13375710.0,20.0
911,7.21,1.2,24.28,9.62,181.11,8172719.0,0.0
910,7.31,1.17,24.32,9.63,182.33,6272442.0,0.0
909,7.37,1.15,24.23,9.58,185.238,8235227.0,32.0
908,7.3,1.18,24.25,9.69,188.64,6614193.0,0.0
907,7.32,1.13,24.05,9.68,190.9,5915047.0,28.0
906,7.3,1.13,23.89,9.6,193.37,8923283.0,27.0
905,7.85,1.1,24.17,9.63,193.0,7754694.0,27.0
904,7.94,1.01,24.33,9.61,180.95,20717780.0,0.0
903,7.61,0.95,24.1,9.66,173.31,23764970.0,0.0
902,7.61,1.05,24.05,9.45,180.98,14367650.0,65.0
901,7.67,0.98,23.94,9.28,183.07,11461000.0,0.0
900,7.54,0.95,23.67,9.36,174.73,13724220.0,28.0
899,7.71,0.81,23.57,9.56,168.78,15301220.0,0.0
898,7.75,0.888,24.25,9.56,172.93,8836616.0,27.0
897,7.69,1.15,24.4,9.72,178.7,8296133.0,26.0
896,7.66,1.14,24.38,9.7,179.72,7757278.0,26.0
895,7.6,1.19,24.19,9.67,183.94,10955250.0,32.0
894,7.85,1.21,24.36,9.64,183.56,8189484.0,0.0
893,7.92,1.25,24.68,9.49,182.802,6689169.0,28.0
892,8.27,1.26,25.55,9.61,183.4,5907096.0,0.0
891,8.11,1.34,26.14,9.62,172.6,11517300.0,27.0
890,8.54,1.26,26.02,9.63,171.54,11385930.0,26.0
889,8.46,1.27,25.7,9.488,164.5,13319270.0,0.0
888,8.35,1.28,25.94,9.6,173.15,10782700.0,0.0
887,8.2,1.26,25.88,9.51,169.66,7577453.0,32.0
886,7.98,1.31,26.09,9.67,162.86,7807152.0,56.0
885,8.27,1.27,26.21,9.737,164.47,14083380.0,54.0
884,8.13,1.27,26.37,9.9,159.22,8373362.0,0.0
883,8.0,1.3,26.14,10.42,159.94,9332945.0,26.0
882,8.04,1.24,26.54,10.76,162.17,7160261.0,0.0
881,8.24,1.18,26.43,10.78,175.2,13053120.0,64.0
880,8.22,1.2,26.42,10.43,176.81,21714180.0,32.0
879,8.39,1.22,26.9,10.529,151.16,31029770.0,56.0
878,8.18,1.22,26.6,10.25,139.772,22187220.0,0.0
877,8.23,1.22,27.05,10.18,137.95,22446140.0,27.0
876,8.79,1.39,27.01,10.022,144.698,13964490.0,26.0
875,8.7,1.42,27.05,9.9766,137.8,14904150.0,0.0
874,8.5,1.55,27.15,10.14,138.7,12619540.0,0.0
873,8.38,1.55,26.99,10.55,137.6,12162530.0,32.0
872,8.14,1.81,27.2,10.738,135.45,9870719.0,56.0
871,8.15,1.62,27.22,10.5133,121.58,23052140.0,27.0
870,7.93,1.62,27.03,10.41,126.09,19783890.0,40.0
869,8.25,1.53,26.96,10.52,121.11,13830110.0,0.0
868,7.98,1.58,26.91,10.752,122.1,11890950.0,53.0
867,8.06,1.54,27.08,10.94,121.38,11095140.0,32.0
866,7.53,1.67,26.73,11.07,120.84,10257990.0,33.0
865,7.88,1.71,26.78,11.11,120.5,13869230.0,29.0
864,7.68,1.7,26.83,11.56,126.94,12342800.0,28.0
863,7.64,1.7,26.66,11.48,127.28,9716219.0,27.0
862,7.47,1.78,26.66,11.41,124.17,7642470.0,27.0
861,7.56,1.79,26.56,11.4,144.7,25620170.0,27.0
860,8.1,1.85,26.64,11.24,138.95,13121620.0,0.0
859,8.2,1.76,26.45,11.1,140.48,9277795.0,0.0
858,7.95,1.71,26.94,11.57,137.36,7881590.0,29.0
857,7.78,1.71,27.19,11.575,141.6,9014394.0,28.0
856,7.6,1.63,27.14,11.33,142.19,10725610.0,29.0
855,7.01,1.69,26.58,11.38,139.65,7128291.0,27.0
854,7.39,1.65,26.54,11.3,147.47,10741360.0,27.0
853,7.3,1.55,26.84,11.214,147.654,10590620.0,0.0
852,7.42,1.44,26.98,11.195,147.94,6660961.0,0.0
851,7.43,1.34,27.03,11.34,152.46,10472460.0,28.0
850,7.07,1.43,27.41,11.55,147.98,11565140.0,28.0
849,6.94,1.37,27.32,11.53,140.72,12730030.0,27.0
848,6.77,1.32,27.36,11.662,143.24,7352177.0,0.0
847,6.72,1.25,27.4,11.8,143.55,5330909.0,0.0
846,6.71,1.26,27.61,11.44,151.41,9941485.0,0.0
845,6.5,1.25,27.83,11.49,155.5,7111247.0,32.0
844,6.47,1.24,27.83,11.58,151.12,5459669.0,28.0
843,6.68,1.27,27.89,11.65,152.44,4461968.0,0.0
842,6.96,1.25,28.03,11.66,150.429,4262398.0,0.0
841,7.05,1.25,27.5,11.52,150.1,6188202.0,0.0
840,7.39,1.26,27.48,11.56,149.56,4691589.0,27.0
839,7.25,1.23,27.26,11.91,147.0,5361072.0,32.0
838,7.8,1.25,27.29,12.25,149.36,5034083.0,0.0
837,8.39,1.26,27.21,12.22,151.28,6154868.0,28.0
836,8.99,1.36,27.22,12.53,147.53,5380624.0,27.0
835,8.83,1.43,26.96,12.79,145.7199,7445861.0,0.0
834,8.73,1.36,26.73,12.62,139.34,6314832.0,27.0
833,8.9,1.3,26.97,12.85,161.27,27558800.0,53.0
832,9.25,1.2,27.34,13.1,164.13,20461310.0,0.0
831,9.39,1.4,27.2,13.0,170.97,11957980.0,0.0
830,9.39,1.36,26.58,12.9,170.01,9205616.0,0.0
829,9.39,1.29,26.29,12.387,176.68,9550446.0,0.0
828,9.49,1.33,25.99,12.09,178.56,7021769.0,27.0
827,9.48,1.27,25.82,12.14,181.5,7863768.0,53.0
826,9.17,1.29,24.95,11.67,174.6,7684134.0,0.0
825,8.88,1.31,25.07,11.49,169.62,8714715.0,0.0
824,9.02,1.26,25.46,11.82,178.38,6090396.0,0.0
823,9.41,1.2,25.29,11.77,175.23,5934083.0,0.0
822,9.68,1.2,25.5,11.8,182.84,8562363.0,0.0
821,9.67,1.22,25.13,11.35,181.41,6507957.0,0.0
820,9.14,1.15,24.35,10.995,177.11,6764261.0,0.0
819,9.01,1.17,24.57,11.325,178.73,4685739.0,0.0
818,9.12,1.21,24.52,12.48,174.42,7267674.0,0.0
817,8.8,1.28,24.95,12.21,178.38,5840728.0,0.0
816,9.89,1.36,25.19,11.8115,186.53,8951247.0,0.0
815,9.51,1.32,25.05,11.76,196.56,12963450.0,0.0
814,9.44,1.23,25.43,11.95,196.62,10681830.0,0.0
813,9.39,1.23,25.39,11.91,195.32,5171888.0,54.0
812,9.66,1.25,25.44,11.65,199.63,8024948.0,26.0
811,9.88,1.23,25.74,11.37,198.23,6164371.0,0.0
810,10.26,1.23,25.65,11.54,203.7,9327414.0,0.0
809,9.98,1.19,25.4,11.15,193.64,16038700.0,0.0
808,9.87,1.18,25.12,11.08,209.97,18000940.0,0.0
807,9.95,1.19,24.94,11.36,209.6,7817352.0,0.0
806,9.94,1.18,25.29,11.76,217.65,8286273.0,26.0
805,9.99,1.21,25.27,12.125,248.0,32648710.0,27.0
804,10.05,1.18,25.3,12.69,253.0,24535130.0,0.0
803,11.39,1.21,25.5,12.71,252.54,17939220.0,32.0
802,11.16,1.19,25.47,12.594,244.81,14585150.0,28.0
801,12.0,1.18,25.12,12.48,250.56,13083260.0,28.0
800,12.9,1.18,25.65,13.05,254.84,8739446.0,0.0
799,12.98,1.14,25.93,12.72,252.66,5932037.0,27.0
798,13.51,1.15,26.22,12.83,252.94,7356920.0,0.0
797,13.14,1.19,26.13,12.63,246.21,7806564.0,0.0
796,12.11,1.15,26.04,12.69,238.84,7725236.0,0.0
795,12.105,1.13,25.9,12.35,234.41,8792986.0,28.0
794,12.08,1.18,25.76,12.31,241.49,9779276.0,0.0
793,11.45,1.13,25.34,12.0,237.79,6223150.0,0.0
792,12.01,1.12,25.11,11.84,230.97,8254035.0,27.0
791,12.63,1.12,25.43,11.985,233.98,5898403.0,27.0
790,13.02,1.09,25.65,11.868,240.04,6231210.0,0.0
789,13.42,0.928,25.28,11.795,235.84,5063434.0,0.0
788,12.87,0.99,25.27,11.26,234.91,3811031.0,29.0
787,13.13,0.98,25.4,11.33,228.89,8214207.0,0.0
786,12.89,0.91,25.41,11.78,220.17,11327430.0,0.0
785,12.77,0.9,25.7,11.86,220.44,7852386.0,27.0
784,12.35,0.92,25.62,11.68,212.96,6886279.0,28.0
783,12.26,0.89,25.81,11.6925,207.32,9493537.0,0.0
782,11.85,0.8,25.88,11.4595,212.37,9666658.0,0.0
781,12.17,0.78,25.89,11.44,208.45,8367389.0,0.0
780,12.34,0.8,25.87,11.73,216.97,7353574.0,28.0
779,12.8,0.798,26.04,11.85,230.29,10738310.0,28.0
778,12.23,0.795,26.23,11.8,225.4,10908080.0,29.0
777,11.35,0.775,26.02,11.71,212.225,11320310.0,0.0
776,10.24,0.81,25.85,11.24,207.52,9828543.0,0.0
775,10.02,0.975,25.75,11.0,215.46,6874813.0,34.0
774,9.94,1.1,25.95,10.96,216.93,5139881.0,0.0
773,9.86,0.98,25.58,10.65,204.19,7187816.0,0.0
772,9.75,1.02,25.43,10.63,203.78,9065584.0,0.0
771,9.54,1.06,25.71,10.67,198.09,7685123.0,0.0
770,9.34,1.05,25.82,10.66,193.91,13653420.0,0.0
769,9.38,0.95,26.12,11.01,199.11,7191261.0,0.0
768,9.45,1.0,26.56,10.93,198.12,5924244.0,0.0
767,9.33,0.95,26.59,11.02,204.38,5253883.0,0.0
766,9.37,1.05,26.58,10.945,218.64,9794687.0,28.0
765,9.03,1.0655,26.42,10.95,207.99,7268439.0,27.0
764,9.21,1.05,26.46,10.919,207.86,5491680.0,27.0
763,8.95,1.04,26.6,10.925,199.85,6981460.0,28.0
762,8.83,1.1,26.78,10.9,198.51,7033657.0,33.0
761,8.31,1.0,26.76,10.97,206.92,5777233.0,100.0
760,8.55,1.0,26.89,10.94,207.89,4432163.0,0.0
759,8.75,1.02,26.77,11.08,207.73,5435136.0,0.0
758,9.14,1.02,26.68,10.88,210.91,4082110.0,0.0
757,9.66,0.97,26.58,10.84,216.61,5141376.0,0.0
756,9.54,0.98,26.19,10.805,207.28,5620063.0,0.0
755,9.34,1.01,26.53,10.704,201.35,9790232.0,33.0
754,8.7,0.95,26.44,10.395,178.59,20019100.0,33.0
753,8.83,0.95,26.42,10.53,182.26,8479005.0,29.0
752,9.05,0.97,26.85,10.53,184.67,6993022.0,0.0
751,9.15,0.95,26.92,10.85,190.16,7084879.0,0.0
750,9.0,0.9,26.76,10.65,190.62,5406485.0,28.0
749,8.64,0.93,26.6,10.58,188.59,6034175.0,0.0
748,8.18,0.96,26.67,10.6,191.56,4483793.0,0.0
747,7.72,0.93,26.61,10.56,196.09,4561228.0,0.0
746,8.08,0.91,26.3,10.246,195.3,5543292.0,29.0
745,8.23,0.945,26.49,10.476,199.45,5279959.0,29.0
744,8.24,0.94,26.51,10.529,204.88,6211225.0,0.0
743,8.4,0.94,26.51,10.698,207.3,4006375.0,28.0
742,8.54,0.89,26.57,10.66,211.56,5341031.0,0.0
741,9.21,0.9,26.66,10.59,210.24,5493348.0,0.0
740,9.72,0.9,26.74,10.9,210.24,3689058.0,34.0
739,9.88,0.93,26.79,10.86,207.77,5575300.0,0.0
738,10.01,0.9,26.83,11.08,204.7,4652328.0,29.0
737,10.52,0.88,26.79,11.01,204.94,3851031.0,30.0
736,10.49,0.91,26.55,11.1,203.99,3426272.0,0.0
735,10.32,0.92,26.77,11.14,206.9,4050298.0,0.0
734,10.45,0.94,27.18,11.238,208.171,3072420.0,0.0
733,10.8,0.9,27.44,11.51,205.31,2797244.0,0.0
732,10.71,0.88,27.41,11.48,202.3,3512577.0,32.0
731,10.7,0.88,27.15,11.42,204.47,3972835.0,0.0
730,10.71,0.85,26.96,11.4495,203.52,5990869.0,0.0
729,10.79,0.89,27.04,11.794,206.42,3538580.0,0.0
728,10.35,0.85,26.82,11.66,224.61,13179430.0,0.0
727,11.38,0.89,26.87,11.77,231.67,13245010.0,0.0
726,11.64,0.88,26.89,12.18,227.12,6935728.0,57.0
725,11.27,0.94,26.93,12.205,227.79,8787412.0,0.0
724,11.27,0.95,26.97,12.33,229.59,4833831.0,48.0
723,11.17,0.947,26.68,12.135,237.22,7786840.0,0.0
722,10.75,0.91,26.58,12.11,232.5,8072941.0,0.0
721,11.35,0.89,26.42,12.25,236.891,5797647.0,0.0
720,12.06,0.85,26.29,12.15,235.6,5115863.0,0.0
719,11.68,0.831,26.43,12.09,239.06,5630478.0,0.0
718,12.23,0.81,26.28,12.18,240.06,4827429.0,0.0
717,12.02,0.819,26.4,12.38,239.72,4335572.0,46.0
716,12.03,0.78,26.61,12.21,229.425,8023360.0,45.0
715,12.01,0.79,26.86,12.29,229.25,5166716.0,44.0
714,11.51,0.73,26.75,12.2,222.66,5890031.0,0.0
713,11.2,0.68,26.37,12.13,219.07,7835876.0,0.0
712,11.24,0.69,26.32,12.22,223.06,4109200.0,0.0
711,11.18,0.65,26.2,11.99,219.46,4860182.0,0.0
710,11.08,0.68,26.55,12.04,218.13,3299420.0,0.0
709,10.79,0.651,26.66,12.18,226.7,7197985.0,0.0
708,10.24,0.68,26.61,12.095,219.58,5714611.0,0.0
707,9.8,0.65,27.02,12.08,217.16,4041669.0,43.0
706,9.92,0.65,26.61,11.84,215.4,4647517.0,43.0
705,9.83,0.68,26.46,11.895,220.0201,4251431.0,0.0
704,9.56,0.66,25.98,11.81,220.54,3820853.0,52.0
703,10.12,0.69,26.02,12.025,219.58,2726970.0,0.0
702,10.06,0.67,25.91,12.01,222.49,3076389.0,0.0
701,10.06,0.66,25.94,12.04,223.54,3112168.0,43.0
700,10.23,0.66,25.79,12.2,223.57,3086412.0,43.0
699,10.54,0.62,25.59,12.33,224.82,6500081.0,87.0
698,10.81,0.49,25.45,12.19,225.01,3379790.0,52.0
697,10.28,0.52,25.64,12.3215,228.92,4913849.0,0.0
696,9.78,0.549,25.15,12.62,223.3,7578882.0,48.0
695,9.71,0.5,25.35,12.25,233.27,11890160.0,47.0
694,9.29,0.5,25.27,12.185,238.52,5958085.0,0.0
693,8.84,0.5,25.02,11.97,238.49,5374539.0,44.0
692,8.96,0.51,25.44,11.9,248.9301,9215111.0,44.0
691,9.62,0.495,25.5,11.9,252.39,7446499.0,52.0
690,9.43,0.505,25.66,12.06,248.13,5087861.0,0.0
689,9.28,0.51,25.79,11.938,259.32,8062178.0,47.0
688,8.95,0.5,25.61,11.905,259.96,6375347.0,0.0
687,10.24,0.5,25.83,12.18,260.31,6896614.0,0.0
686,10.52,0.498,25.88,12.23,261.38,4116762.0,0.0
685,10.51,0.49,25.64,12.18,262.01,3855470.0,45.0
684,10.43,0.536,26.07,12.29,259.94,5830865.0,53.0
683,10.22,0.535,26.05,12.275,256.76,5332746.0,0.0
682,10.03,0.54,26.36,12.126,255.71,3012856.0,0.0
681,10.12,0.5299,26.43,12.12,254.34,2910671.0,45.0
680,10.58,0.58,26.15,11.94,256.78,2833061.0,0.0
679,10.65,0.685,26.2,12.005,262.55,4304272.0,44.0
678,10.68,0.7,26.01,12.04,261.74,3812541.0,0.0
677,10.57,0.652,26.13,12.098,263.25,2983830.0,0.0
676,10.57,0.65,26.01,12.12,263.86,2843648.0,0.0
675,10.64,0.65,25.98,12.28,269.7,6436176.0,49.0
674,10.67,0.645,25.85,12.379,284.12,9782339.0,0.0
673,10.93,0.63,25.95,12.515,281.19,6766420.0,0.0
672,10.8,0.62,25.96,12.498,286.04,8266173.0,44.0
671,11.25,0.66,26.1,12.39,277.39,11163820.0,0.0
670,11.31,0.7,26.08,12.3526,282.11,5495160.0,0.0
669,10.65,0.7,25.9,12.13,278.48,4556123.0,84.0
668,10.84,0.67,25.95,12.35,281.1,3776593.0,0.0
667,10.9,0.6999,26.02,12.28,280.31,3761617.0,0.0
666,10.84,0.68,25.87,12.22,279.2,3323300.0,0.0
665,10.68,0.64,25.92,12.22,253.86,16433840.0,45.0
664,10.66,0.5999,26.21,12.31,260.74,8297454.0,0.0
663,11.12,0.59,26.27,12.219,261.38,5172994.0,54.0
662,11.3,0.565,26.21,12.2,263.82,3689477.0,0.0
661,11.55,0.6,26.29,12.14,259.32,6800975.0,0.0
660,10.74,0.6,26.08,12.095,250.03,8209186.0,0.0
659,10.66,0.585,26.02,12.06,250.41,5656567.0,0.0
658,10.82,0.5801,25.93,12.09,252.14,3745005.0,0.0
657,10.79,0.58,25.55,12.02,246.95,4832853.0,45.0
656,10.62,0.6,25.63,12.11,246.6,3794912.0,54.0
655,10.6,0.59,25.42,12.06,245.26,4851868.0,56.0
654,10.7,0.6,25.62,11.98,242.68,4236096.0,0.0
653,11.0,0.56,25.16,11.72,240.24,5940566.0,46.0
652,10.77,0.6,25.12,11.425,251.42,8988300.0,45.0
651,10.66,0.58,25.4,11.62,255.21,5403599.0,45.0
650,10.29,0.565,25.22,11.64,260.62,7706193.0,46.0
649,9.63,0.55,24.81,11.61,259.57,4478558.0,0.0
648,9.66,0.52,25.25,11.746,259.28,5046873.0,0.0
647,9.39,0.525,24.78,11.398,257.01,7339097.0,0.0
646,9.36,0.525,24.27,11.13,236.91,12885920.0,0.0
645,9.26,0.52,23.95,10.97,224.59,11251400.0,0.0
644,9.23,0.52,24.1,10.9,227.06,7099492.0,0.0
643,9.19,0.53,24.28,10.81,229.7,9118331.0,47.0
642,9.85,0.5212,24.25,10.69,226.35,5393830.0,0.0
641,10.04,0.52,24.82,10.785,227.48,10547970.0,0.0
640,10.05,0.48,25.03,11.04,230.47,3489785.0,0.0
639,10.13,0.52,25.45,11.19,235.34,4106596.0,0.0
638,10.07,0.49,25.19,11.14,231.1,4116243.0,0.0
637,10.14,0.52,25.44,11.225,235.29,3486305.0,47.0
636,10.16,0.47,25.64,11.21,235.24,3458805.0,46.0
635,10.16,0.465,25.52,11.25,221.67,9532988.0,57.0
634,10.19,0.48,25.88,11.27,242.77,10443900.0,58.0
633,10.11,0.46,25.66,11.475,238.1,4961013.0,0.0
632,10.11,0.49,25.67,11.65,238.66,3225881.0,0.0
631,10.53,0.4799,25.81,12.14,241.7,3765160.0,0.0
630,10.42,0.47,25.7,12.13,242.59,4203208.0,47.0
629,10.2,0.47,25.7,12.23,238.93,3673632.0,0.0
628,10.15,0.45,25.82,12.1,230.97,8497418.0,0.0
627,9.94,0.45,26.36,12.05,241.22,15336550.0,0.0
626,10.28,0.4501,26.41,12.2,240.2,5154893.0,0.0
625,10.09,0.45,26.47,12.42,241.93,4563814.0,0.0
624,10.11,0.44,26.38,12.465,251.08,7946898.0,48.0
623,9.92,0.43,26.52,12.31,249.1,5861639.0,47.0
622,9.75,0.4205,26.42,12.3801,251.7,6230288.0,0.0
621,9.9,0.43,26.46,12.51,258.68,6093385.0,0.0
620,9.74,0.43,26.61,12.41,253.98,4017356.0,0.0
619,9.98,0.42,27.01,12.63,257.7,4467427.0,0.0
618,9.96,0.43,26.92,12.62,247.74,7912956.0,0.0
617,10.25,0.41,26.85,12.4257,248.71,3583496.0,0.0
616,9.67,0.41,26.99,12.55,242.78,7462672.0,0.0
615,9.54,0.39,27.0,12.52,246.72,4780202.0,0.0
614,9.2,0.405,26.86,12.64,248.09,3154710.0,0.0
613,9.08,0.43,26.87,12.725,248.44,1980832.0,0.0
612,8.85,0.45,26.49,12.84,244.52,2119688.0,0.0
611,8.4,0.445,26.02,13.03,231.64,8603799.0,50.0
610,8.64,0.44,26.05,13.135,231.43,5871559.0,0.0
609,8.47,0.4111,26.38,13.29,229.3,5299675.0,0.0
608,8.4,0.4,26.09,13.16,228.28,3862801.0,49.0
607,8.4,0.39,26.01,13.18,223.71,6061390.0,0.0
606,7.99,0.374,25.69,12.79,214.36,9217376.0,0.0
605,7.87,0.365,25.58,12.51,216.89,9427065.0,0.0
604,7.69,0.36,25.27,12.27,209.84,7308173.0,51.0
603,7.82,0.39,25.41,12.21,208.88,6684459.0,75.0
602,8.08,0.3299,24.89,12.13,207.0,7167174.0,100.0
601,7.71,0.31,24.59,11.94,204.04,5195647.0,0.0
600,8.01,0.3202,24.49,12.02,197.81,8416179.0,0.0
599,8.29,0.33,24.66,11.99,205.82,7363036.0,0.0
598,8.29,0.33,25.14,12.165,218.26,7465122.0,0.0
597,8.17,0.303,25.62,12.12,219.29,6902061.0,0.0
596,8.5,0.4,25.71,12.0285,222.6,4802547.0,52.0
595,8.29,0.3441,25.88,12.06,220.97,4509545.0,50.0
594,8.45,0.3401,25.83,12.06,222.26,1333518.0,50.0
593,8.27,0.3596,25.78,12.1085,227.82,3324437.0,62.0
592,8.48,0.4,25.7,12.055,225.71,2802982.0,0.0
591,9.65,0.35,25.57,11.81,222.23,2898272.0,0.0
590,10.2,0.41,25.27,11.77,222.41,2392947.0,0.0
589,10.27,0.43,25.06,11.8,219.31,4753239.0,49.0
588,9.62,0.44,24.6,11.68,210.09,5355485.0,0.0
587,9.51,0.4011,24.07,11.515,211.28,6257651.0,0.0
586,9.375,0.44,24.08,11.5,210.95,2965330.0,62.0
585,9.57,0.44,24.37,11.71,210.615,3434901.0,0.0
584,9.55,0.44,24.03,11.53,206.66,4591310.0,0.0
583,9.23,0.4001,23.98,11.525,202.21,5945607.0,0.0
582,9.29,0.41,23.86,11.51,204.25,4247704.0,0.0
581,9.19,0.43,23.78,11.38,192.69,11516340.0,50.0
580,8.74,0.43,23.58,11.34,191.87,5204777.0,0.0
579,9.53,0.43,23.59,11.47,193.07,3590855.0,0.0
578,9.35,0.43,23.85,11.59,191.93,4490681.0,0.0
577,8.95,0.4,24.04,11.345,196.57,4144121.0,0.0
576,9.03,0.404,24.28,11.33,201.62,4103753.0,51.0
575,9.01,0.42,24.48,11.22,201.29,3441052.0,0.0
574,8.97,0.44,24.59,11.34,206.55,3231121.0,0.0
573,8.75,0.4002,24.38,11.53,205.98,2777926.0,0.0
572,8.51,0.435,23.84,11.73,199.37,3139481.0,0.0
571,8.26,0.44,24.08,11.71,205.2,3542577.0,0.0
570,8.2,0.43,23.89,11.35,203.6,3001268.0,0.0
569,8.07,0.43,24.21,11.43,210.94,4143850.0,0.0
568,8.41,0.4195,24.47,11.34,218.36,4815834.0,0.0
567,8.61,0.4,24.16,11.26,218.55,3304417.0,0.0
566,8.75,0.405,24.5,11.21,220.99,3518316.0,49.0
565,9.16,0.38,24.52,11.18,217.36,3235856.0,62.0
564,9.28,0.38,24.64,11.015,217.48,3469776.0,0.0
563,9.37,0.3999,24.72,11.16,216.29,5348862.0,0.0
562,9.52,0.3801,24.77,11.15,212.8,9053083.0,0.0
561,9.57,0.39,24.89,11.45,202.88,15626830.0,0.0
560,9.87,0.42,25.15,11.71,203.77,6148207.0,49.0
559,9.65,0.4001,25.17,11.87,204.35,3964555.0,0.0
558,9.85,0.4099,25.25,12.32,204.46,2710898.0,0.0
557,9.93,0.39,25.01,12.38,211.705,5137203.0,62.0
556,10.49,0.4,25.21,12.35,217.11,5978376.0,0.0
555,10.57,0.395,25.17,12.12,207.335,8487131.0,0.0
554,11.16,0.38,25.39,12.17,204.11,6587298.0,0.0
553,10.94,0.41,25.91,12.18,203.76,3907505.0,0.0
552,10.81,0.41,25.89,12.23,207.19,6468020.0,0.0
551,10.82,0.39,25.99,12.45,203.34,3871397.0,0.0
550,11.0,0.4,26.11,12.69,197.325,7910402.0,0.0
549,10.72,0.4,25.86,12.54,199.56,4430800.0,0.0
548,10.64,0.3795,25.66,12.57,202.435,4215255.0,0.0
547,11.31,0.4089,25.82,12.545,200.63,4870131.0,49.0
546,10.96,0.4083,25.42,12.58,193.88,6705451.0,0.0
545,11.01,0.3601,25.64,12.52,190.88,6732511.0,42.0
544,10.58,0.38,25.17,12.36,190.32,5539041.0,42.0
543,10.91,0.37,25.19,12.4,193.74,4968406.0,0.0
542,11.02,0.376,25.4,12.7,191.07,4139769.0,53.0
541,11.16,0.38,25.04,12.63,188.68,5421293.0,0.0
540,11.06,0.38,25.45,12.69,195.7,5617028.0,0.0
539,11.04,0.37,25.31,12.828,194.73,4890265.0,0.0
538,11.05,0.38,25.64,12.91,200.71,4796873.0,0.0
537,11.96,0.4,25.33,12.89,195.65,8468846.0,0.0
536,11.85,0.4,25.4,13.09,198.08,4250076.0,0.0
535,11.98,0.3601,25.47,13.024,199.63,2622492.0,0.0
534,11.85,0.399,25.27,12.88,201.72,3640866.0,45.0
533,11.26,0.38,24.91,12.84,194.3,5721582.0,0.0
532,10.9,0.39,24.8,13.05,190.405,4120184.0,0.0
531,10.91,0.4,24.86,13.19,185.0,8596563.0,0.0
530,11.2,0.3601,25.12,13.25,190.57,10062310.0,0.0
529,11.18,0.3611,24.81,13.13,188.77,5017950.0,0.0
528,11.21,0.3612,24.84,13.05,187.59,3791479.0,52.0
527,11.32,0.3615,24.94,13.04,191.0,5004742.0,44.0
526,11.07,0.38,25.18,13.24,203.1,12422770.0,43.0
525,10.77,0.361,25.02,13.3,203.25,4340295.0,42.0
524,10.71,0.3686,25.01,13.3,207.67,6279713.0,42.0
523,10.73,0.3999,25.73,13.24,210.09,3779853.0,41.0
522,10.77,0.37,28.51,13.11,210.9,4020850.0,51.0
521,10.55,0.365,27.63,12.9,209.78,3757220.0,0.0
520,10.38,0.4099,27.73,12.95,207.46,3019087.0,44.0
519,11.24,0.361,27.46,13.08,207.83,1943802.0,42.0
518,11.09,0.362,27.28,13.06,206.7,1657018.0,0.0
517,11.68,0.3699,27.25,13.14,206.79,2465551.0,0.0
516,11.58,0.3699,27.02,13.34,205.27,2558913.0,0.0
515,11.61,0.35,26.62,13.78,209.41,3416177.0,54.0
514,12.01,0.3694,26.91,13.95,219.44,7855513.0,55.0
513,12.2,0.37,26.85,14.23,218.6,4408384.0,45.0
512,12.04,0.3501,26.8,14.157,218.425,2426356.0,0.0
511,11.94,0.38,26.88,14.315,231.55,11659100.0,85.0
510,12.5,0.38,27.12,14.31,230.48,6080178.0,63.0
509,12.44,0.38,27.09,14.2,232.45,3931287.0,0.0
508,12.5,0.36,27.08,14.29,226.05,3892230.0,52.0
507,12.43,0.3699,27.31,14.23,226.03,5276924.0,53.0
506,12.06,0.37,27.27,14.31,230.51,4427259.0,45.0
505,11.44,0.37,26.92,14.085,232.95,5782731.0,44.0
504,11.14,0.3694,26.81,14.01,230.43,5083776.0,0.0
503,11.27,0.345,27.04,13.94,236.8,9439902.0,0.0
502,10.81,0.335,27.36,14.11,236.61,4665445.0,0.0
501,11.05,0.3449,26.92,14.12,239.49,5663800.0,0.0
500,10.79,0.34,27.03,14.01,244.74,6345797.0,0.0
499,10.52,0.3444,27.21,14.18,243.18,5432689.0,0.0
498,10.58,0.3001,27.41,14.13,244.1,2847083.0,0.0
497,10.51,0.33,27.27,14.14,248.84,4519337.0,42.0
496,10.43,0.3052,27.31,14.26,248.75,3349931.0,43.0
495,10.64,0.28,27.35,14.33,247.14,3668199.0,0.0
494,11.19,0.29,27.64,14.94,244.35,3749479.0,51.0
493,11.7,0.28,27.72,14.85,245.62,1966567.0,0.0
492,12.11,0.28,27.68,14.92,247.73,2219309.0,0.0
491,11.94,0.25,27.52,14.8,247.455,3490996.0,43.0
490,11.57,0.2984,27.52,14.992,247.43,3403988.0,0.0
489,11.38,0.2699,27.63,14.87,251.45,3646063.0,0.0
488,11.19,0.2699,27.27,14.63,250.8,3785112.0,0.0
487,10.99,0.2699,27.28,14.65,249.45,2502238.0,0.0
486,10.74,0.2701,27.33,14.535,248.35,2129438.0,0.0
485,11.15,0.2801,27.53,14.53,248.99,1778102.0,45.0
484,11.06,0.29,27.26,14.32,245.92,2425588.0,0.0
483,10.85,0.319,27.29,14.12,249.14,3019837.0,0.0
482,10.99,0.3005,27.24,13.854,256.29,5006944.0,42.0
481,10.82,0.31,27.33,13.594,256.0,2596059.0,42.0
480,10.9,0.32,27.63,14.09,250.7,3452631.0,0.0
479,10.75,0.32,27.51,14.33,251.41,2040973.0,51.0
478,10.55,0.345,27.39,14.35,250.69,1418457.0,45.0
477,10.43,0.33,27.21,14.22,250.38,2182932.0,43.0
476,10.63,0.3051,27.22,14.21,253.12,1980918.0,0.0
475,10.71,0.325,27.27,14.04,260.41,5500560.0,42.0
474,10.61,0.335,27.37,13.96,261.89,2781441.0,0.0
473,10.6,0.3257,27.24,13.89,262.51,2458900.0,0.0
472,10.55,0.35,27.42,13.94,259.79,4559072.0,78.0
471,10.32,0.35,27.55,14.37,267.67,3864602.0,0.0
470,10.17,0.32,27.26,14.21,265.17,2411492.0,43.0
469,10.16,0.2851,27.04,14.34,268.79,2844993.0,100.0
468,10.23,0.34,27.09,14.42,267.09,3829660.0,0.0
467,10.2,0.32,26.64,13.87,262.02,3471452.0,0.0
466,10.39,0.3406,26.57,13.72,268.26,3084435.0,0.0
465,10.32,0.36,26.66,13.85,269.15,2100019.0,0.0
464,10.74,0.36,26.78,13.61,280.02,7155585.0,0.0
463,10.64,0.3101,26.31,13.29,279.72,4109259.0,46.0
462,10.46,0.305,26.47,13.38,267.88,6096385.0,0.0
461,10.31,0.305,25.89,12.65,254.96,6212610.0,0.0
460,10.31,0.31,26.02,12.904,257.92,3329764.0,0.0
459,9.87,0.34,26.27,13.05,259.15,2605215.0,0.0
458,10.03,0.305,26.47,13.37,262.16,2951397.0,0.0
457,9.96,0.305,26.66,13.4,265.65,1905569.0,0.0
456,9.88,0.305,26.77,13.116,263.14,2006860.0,0.0
455,9.5,0.34,27.04,12.94,266.68,1598253.0,0.0
454,9.29,0.3001,27.24,12.945,274.66,4996689.0,0.0
453,9.0,0.34,27.14,12.955,282.26,4969754.0,0.0
452,8.99,0.3101,26.85,12.85,266.77,6091632.0,0.0
451,8.82,0.32,26.63,12.63,267.87,3097326.0,0.0
450,8.07,0.32,26.26,12.505,267.2,2222481.0,0.0
449,7.38,0.3399,25.75,12.36,265.41,2834521.0,0.0
448,6.58,0.32,25.95,12.4,253.01,4688874.0,0.0
447,6.51,0.32,26.1,12.27,264.82,3879330.0,0.0
446,6.56,0.34,26.26,12.19,263.82,2782886.0,43.0
445,6.49,0.306,26.12,11.63,266.79,2030605.0,0.0
444,6.61,0.305,26.1,11.67,266.15,2218004.0,0.0
443,6.88,0.31,25.87,11.75,259.99,2547164.0,0.0
442,6.91,0.2999,25.9,11.43,266.28,2336152.0,0.0
441,7.06,0.31,26.1,11.515,270.13,5969245.0,0.0
440,6.59,0.32,26.03,11.44,246.13,14617820.0,0.0
439,6.0,0.3,25.79,11.59,242.51,5069602.0,42.0
438,5.85,0.31,26.24,11.66,241.14,4179307.0,0.0
437,5.82,0.315,25.71,11.619,237.37,4260892.0,0.0
436,6.06,0.2901,25.86,11.38,238.17,3730138.0,45.0
435,6.26,0.2901,25.79,11.37,242.51,4683330.0,0.0
434,5.83,0.315,26.08,11.28,243.15,4360693.0,0.0
433,5.78,0.29,26.21,11.35,254.99,7168396.0,43.0
432,5.69,0.29,26.07,11.37,260.72,4186051.0,0.0
431,5.57,0.315,25.73,11.28,255.25,3598937.0,0.0
430,5.35,0.31,25.19,10.79,242.18,4892170.0,0.0
429,5.18,0.2801,24.59,10.56,230.77,6578435.0,0.0
428,4.97,0.28,23.87,10.13,218.87,9562484.0,0.0
427,4.91,0.3049,23.27,10.2,220.03,4313679.0,0.0
426,4.97,0.29,24.01,10.88,224.84,4951300.0,0.0
425,5.4,0.29,25.01,10.78,242.99,7645773.0,43.0
424,5.39,0.29,25.16,10.92,248.48,5507336.0,51.0
423,5.46,0.28,24.82,10.935,249.06,4688373.0,0.0
422,5.45,0.2804,23.88,10.57,238.63,5443901.0,0.0
421,5.34,0.295,24.57,10.52,247.69,4590857.0,43.0
420,5.45,0.295,24.51,10.584,245.57,4184808.0,43.0
419,5.36,0.28,24.0,10.07,241.93,3687456.0,0.0
418,5.28,0.285,24.96,10.575,248.17,3129871.0,0.0
417,5.23,0.295,24.55,10.65,248.91,3384981.0,0.0
416,5.1,0.3,24.68,10.615,248.48,2706874.0,0.0
415,4.99,0.265,24.95,10.54,250.24,2346802.0,0.0
414,4.92,0.265,24.77,10.555,253.19,2885610.0,87.0
413,4.81,0.255,25.3,10.905,253.57,2931607.0,0.0
412,5.1,0.28,25.93,11.3,262.25,4405706.0,0.0
411,5.16,0.2599,25.35,11.21,262.07,3575221.0,0.0
410,5.2,0.26,24.8,10.85,260.62,3760644.0,0.0
409,4.96,0.25,25.09,10.88,264.2,6114615.0,0.0
408,4.57,0.25,25.11,10.71,260.94,3660643.0,0.0
407,4.65,0.25,25.14,10.65,261.06,2597170.0,0.0
406,4.79,0.25,24.91,10.29,263.12,3442668.0,0.0
405,4.69,0.235,24.92,10.335,256.91,3771395.0,0.0
404,4.48,0.2102,24.31,10.15,248.43,4893113.0,43.0
403,4.36,0.23,24.57,9.96,246.65,3695972.0,0.0
402,4.3,0.23,25.22,10.11,248.4,4925751.0,0.0
401,4.28,0.2,25.19,10.28,239.88,4568261.0,0.0
400,4.36,0.2,25.47,10.28,247.57,4407615.0,0.0
399,4.63,0.22,26.82,10.58,246.15,3684490.0,0.0
398,4.63,0.2002,27.29,10.465,241.46,5234679.0,0.0
397,4.75,0.1751,27.77,10.75,231.96,6804433.0,0.0
396,5.08,0.2145,28.03,11.01,226.72,6125994.0,0.0
395,5.21,0.2166,28.07,11.22,220.69,6153754.0,0.0
394,5.22,0.22,28.09,11.23,215.58,3816171.0,0.0
393,4.81,0.2198,27.87,10.99,219.25,5168162.0,0.0
392,4.9,0.1621,27.6,10.73,216.88,3094436.0,0.0
391,4.98,0.19,28.03,10.94,221.31,2835920.0,0.0
390,5.25,0.2,28.98,10.91,227.01,4327574.0,44.0
389,5.31,0.2,28.99,10.81,228.1,2506836.0,0.0
388,5.24,0.18,28.78,10.755,213.03,14877020.0,53.0
387,5.2,0.1899,28.85,11.145,210.09,4177956.0,0.0
386,5.27,0.18,29.58,11.24,211.72,2818801.0,0.0
385,5.58,0.1661,29.51,11.23,209.09,4226411.0,0.0
384,5.52,0.1796,29.55,11.73,215.26,3388227.0,0.0
383,5.45,0.1652,29.46,11.49,210.35,3512832.0,0.0
382,5.47,0.1778,29.39,11.52,212.96,2726880.0,0.0
381,5.2,0.1793,29.34,11.77,211.63,1794743.0,0.0
380,5.15,0.19,28.92,11.71,206.93,4432433.0,46.0
379,5.21,0.1999,29.4,11.78,213.79,3924514.0,0.0
378,5.29,0.19,29.59,11.75,208.35,8065091.0,0.0
377,5.365,0.1699,29.54,11.64,231.63,12713530.0,0.0
376,5.4,0.17,29.64,11.5,231.77,4494944.0,0.0
375,5.4,0.165,29.92,11.37,232.36,2444264.0,0.0
374,5.54,0.165,29.75,11.4,225.33,3846179.0,0.0
373,5.4,0.18,30.12,11.61,216.5,4612408.0,0.0
372,5.385,0.1901,30.67,11.398,219.08,3337501.0,0.0
371,5.275,0.2,30.16,11.38,212.94,2913511.0,45.0
370,5.27,0.19,30.28,11.295,207.19,3423139.0,0.0
369,5.25,0.19,30.36,11.4,214.31,2920362.0,0.0
368,5.28,0.2,30.32,11.39,214.0,2148326.0,0.0
367,5.11,0.166,30.52,11.49,221.07,2810200.0,62.0
366,4.95,0.1685,30.27,11.52,221.8,2499593.0,0.0
365,4.44,0.1794,30.66,11.61,220.01,4394199.0,0.0
364,4.3,0.197,30.59,11.59,217.75,2525196.0,0.0
363,4.33,0.197,30.66,11.585,218.25,2478389.0,0.0
362,4.33,0.17,30.36,11.465,229.64,3986945.0,0.0
361,4.29,0.1755,30.36,11.42,231.61,1949353.0,0.0
360,4.42,0.1965,29.94,11.266,230.26,2591205.0,0.0
359,4.385,0.166,30.17,11.225,237.19,3728562.0,0.0
358,4.36,0.175,29.97,11.33,231.99,2980644.0,0.0
357,4.35,0.167,30.03,11.08,232.71,2937233.0,0.0
356,4.38,0.1673,30.49,11.18,230.38,2572014.0,0.0
355,4.28,0.1821,30.37,11.15,231.13,3140864.0,72.0
354,4.26,0.165,30.19,10.83,226.72,2682259.0,0.0
353,4.7,0.17,30.47,10.46,224.52,3057036.0,0.0
352,4.88,0.18,30.65,10.51,227.07,2070088.0,0.0
351,4.62,0.17,30.26,10.22,217.02,3259114.0,0.0
350,4.64,0.175,30.26,10.29,218.58,2827797.0,0.0
349,4.75,0.175,30.32,10.27,221.09,2241686.0,0.0
348,5.82,0.175,30.98,10.485,234.51,5100443.0,0.0
347,5.81,0.17,30.55,10.23,233.39,3294460.0,0.0
346,6.25,0.175,30.28,10.09,230.46,3008057.0,0.0
345,8.31,0.175,30.4,9.94,232.56,1951581.0,0.0
344,6.42,0.175,30.49,9.91,229.95,1958836.0,0.0
343,6.57,0.165,30.95,10.04,229.7,1551031.0,0.0
342,6.38,0.155,30.83,9.965,230.57,710277.0,0.0
341,5.9,0.12,30.9,10.22,228.95,1900171.0,0.0
340,5.76,0.109,31.28,10.31,237.19,2402438.0,0.0
339,5.76,0.115,31.05,10.21,238.09,3694448.0,0.0
338,6.26,0.1345,31.15,10.13,240.01,2713817.0,0.0
337,6.2,0.1449,30.71,10.02,223.41,6823510.0,0.0
336,5.94,0.14,30.74,10.18,223.43,3185525.0,0.0
335,5.87,0.145,30.25,9.93,219.04,3774353.0,0.0
334,5.66,0.1257,28.97,9.79,215.65,3550704.0,0.0
333,5.75,0.1231,28.45,9.53,211.0,3572360.0,0.0
332,5.69,0.1237,28.58,9.61,207.85,4090843.0,0.0
331,5.56,0.145,28.64,9.59,209.97,3079051.0,0.0
330,5.32,0.1301,28.24,9.335,200.31,4120993.0,0.0
329,5.4,0.1232,29.06,9.4,206.18,6490579.0,0.0
328,5.26,0.1231,28.49,9.045,204.99,5325773.0,0.0
327,4.74,0.123,28.49,9.475,204.72,4031271.0,0.0
326,4.63,0.123,28.0,9.0,198.7,5826110.0,70.0
325,4.85,0.1228,28.59,9.2,199.97,3164424.0,0.0
324,5.19,0.15,28.24,9.49,202.55,3122066.0,0.0
323,5.25,0.135,28.04,9.31,196.38,2695408.0,0.0
322,5.41,0.1319,28.31,9.31,193.56,4956918.0,0.0
321,5.48,0.131,28.0,9.27,188.07,3577353.0,0.0
320,5.47,0.1201,28.21,9.135,189.7,4586328.0,0.0
319,5.67,0.1181,29.1,9.34,191.2,2848929.0,0.0
318,5.54,0.1221,28.64,9.315,196.94,5295685.0,0.0
317,5.33,0.1578,28.24,9.18,182.78,5764817.0,0.0
316,5.44,0.1578,28.67,8.659,173.48,7927640.0,0.0
315,5.5,0.1529,29.18,8.18,175.33,4379442.0,0.0
314,5.18,0.1568,28.54,7.965,162.6,9434495.0,0.0
313,5.06,0.127,28.17,7.8,147.99,9306754.0,0.0
312,5.04,0.1303,28.28,7.475,148.25,8639661.0,0.0
311,4.69,0.158,28.3,7.51,143.67,10104690.0,0.0
310,4.82,0.133,27.45,7.35,150.47,14236900.0,0.0
309,4.8,0.135,28.26,7.35,151.04,7233264.0,0.0
308,4.95,0.136,28.86,7.78,155.17,5561638.0,0.0
307,5.29,0.139,29.34,7.78,168.68,5820264.0,0.0
306,5.29,0.1179,29.08,7.59,166.77,3883107.0,0.0
305,5.1,0.116,29.02,7.64,166.58,2955832.0,75.0
304,4.985,0.15,29.41,7.525,177.74,5055340.0,0.0
303,4.99,0.15,29.22,7.69,177.21,5982993.0,0.0
302,5.08,0.1345,28.96,7.83,179.0,5385369.0,0.0
301,5.41,0.2169,29.23,8.3,187.43,5727008.0,0.0
300,5.1,0.21,29.4,8.355,190.34,6054061.0,0.0
299,5.1,0.2173,29.14,8.39,191.93,4495402.0,0.0
298,5.49,0.2,29.88,8.655,186.35,6695704.0,0.0
297,5.57,0.25,30.18,9.0,188.34,4858631.0,87.0
296,5.27,0.3,30.22,8.87,195.74,4822993.0,0.0
295,5.55,0.3205,30.46,8.89,201.04,6479858.0,0.0
294,5.7,0.33,30.29,8.93,205.29,5331097.0,0.0
293,5.9,0.31,30.06,8.665,202.6,4175498.0,0.0
292,6.02,0.28,30.05,8.72,208.72,3207597.0,72.0
291,6.04,0.3,29.94,8.494,205.18,5191602.0,0.0
290,6.05,0.2556,30.34,8.75,207.5,3339148.0,0.0
289,6.04,0.2556,30.27,8.88,215.15,4062304.0,0.0
288,6.08,0.299,30.28,8.65,218.34,3133230.0,0.0
287,5.96,0.2749,30.17,8.765,221.93,3511873.0,0.0
286,6.65,0.28,30.96,8.87,226.38,3769083.0,0.0
285,6.97,0.296,30.92,9.15,232.74,4704761.0,0.0
284,7.59,0.324,31.09,9.21,238.32,5289014.0,0.0
283,7.21,0.3,31.06,9.03,234.24,4303052.0,0.0
282,6.63,0.3,31.07,8.83,222.58,4936203.0,0.0
281,6.515,0.349,31.11,8.76,227.75,4956604.0,0.0
280,6.47,0.349,31.49,8.88,230.26,3878599.0,0.0
279,6.78,0.3011,31.48,9.04,230.13,4006037.0,0.0
278,6.77,0.345,31.83,9.09,226.89,4025670.0,0.0
277,6.49,0.34,31.79,8.96,229.77,7975638.0,0.0
276,6.11,0.32,31.93,8.21,237.59,15979910.0,92.0
275,6.03,0.3,31.23,8.13,246.99,13381160.0,0.0
274,6.06,0.32,30.98,8.12,255.47,9931470.0,0.0
273,6.19,0.3267,30.9,7.9585,265.42,11695760.0,0.0
272,6.39,0.35,30.63,7.97,257.2,8845567.0,0.0
271,6.5,0.311,30.79,8.37,250.07,7352707.0,0.0
270,6.33,0.3133,30.71,8.42,249.92,9156404.0,0.0
269,6.98,0.3399,30.81,8.66,247.82,5755351.0,0.0
268,6.785,0.3499,30.98,8.975,254.53,4921554.0,0.0
267,6.68,0.37,31.02,9.075,251.86,4129258.0,0.0
266,6.47,0.375,31.03,9.04,254.51,3748593.0,0.0
265,6.47,0.42,31.06,9.02,253.88,4263246.0,0.0
264,6.33,0.48,31.15,9.28,247.37,6351360.0,74.0
263,6.37,0.65,31.15,9.29,249.97,5192343.0,74.0
262,6.43,0.72,30.98,9.32,248.29,2777079.0,0.0
261,6.57,0.7,30.76,9.45,253.75,3783126.0,0.0
260,6.42,0.6999,30.68,9.45,251.82,3665088.0,0.0
259,6.42,0.65,30.9,9.365,253.74,3217779.0,0.0
258,6.36,0.7,30.93,9.34,251.47,3198105.0,0.0
257,6.34,0.71,30.9,9.07,247.71,2515595.0,0.0
256,6.25,0.675,30.75,8.95,240.76,5405164.0,0.0
255,6.06,0.68,30.89,8.65,241.8,3838958.0,0.0
254,5.65,0.7,30.63,8.51,232.32,4296325.0,0.0
253,6.09,0.641,30.07,8.39,222.56,8550004.0,0.0
252,5.8,0.68,29.89,8.47,211.53,11248340.0,0.0
251,5.77,0.6405,30.12,8.61,214.93,5683675.0,0.0
250,6.02,0.625,29.87,8.515,208.92,4772992.0,0.0
249,5.97,0.49,30.48,8.85,208.69,4068053.0,0.0
248,5.75,0.51,30.34,8.75,208.96,5159640.0,0.0
247,5.67,0.3955,30.09,8.74,207.28,3650075.0,0.0
246,5.69,0.4,29.64,8.4,207.61,2820616.0,0.0
245,5.8,0.3699,29.96,8.63,208.29,2945754.0,0.0
244,5.73,0.33,29.71,8.67,204.66,2842028.0,0.0
243,5.66,0.31,29.61,8.765,211.17,5552692.0,0.0
242,5.68,0.2968,29.36,8.74,215.21,6817922.0,0.0
241,5.81,0.4001,29.56,8.75,220.28,8996546.0,97.0
240,6.27,0.38,29.49,8.73,216.22,5096751.0,0.0
239,6.61,0.44,29.85,8.755,217.91,3009327.0,0.0
238,6.58,0.51,30.09,8.99,219.58,3131279.0,0.0
237,6.705,0.44,30.02,8.885,225.12,4066512.0,0.0
236,6.72,0.447,30.12,8.81,223.04,3645792.0,0.0
235,7.0,0.5,30.23,9.235,223.23,2786682.0,0.0
234,7.0,0.4839,30.11,9.17,219.56,2982270.0,98.0
233,6.96,0.45,30.05,9.01,218.96,2017279.0,0.0
232,6.79,0.4101,29.94,8.86,218.99,2226110.0,0.0
231,6.91,0.44,30.12,8.835,220.68,2242634.0,0.0
230,6.59,0.411,30.14,8.94,232.34,6194154.0,0.0
229,6.76,0.38,30.31,9.39,235.52,5965110.0,0.0
228,6.59,0.4,30.24,9.03,229.36,4454222.0,0.0
227,6.62,0.3801,30.04,8.76,218.79,5994548.0,0.0
226,6.54,0.4,29.83,8.525,217.87,4187833.0,0.0
225,6.65,0.42,30.44,8.445,214.96,3575822.0,0.0
224,6.77,0.43,30.59,8.635,217.7,2905002.0,0.0
223,6.82,0.4001,30.64,8.51,217.93,2438692.0,0.0
222,6.92,0.4498,30.6,8.63,215.47,3107734.0,0.0
221,6.94,0.4001,30.83,9.07,219.7,3549768.0,0.0
220,6.88,0.4099,30.94,9.02,219.61,2855619.0,100.0
219,6.55,0.42,30.78,8.9,196.66,23706100.0,0.0
218,6.7,0.41,31.19,9.25,196.4,10098190.0,0.0
217,6.17,0.42,29.82,8.845,193.15,6988949.0,0.0
216,5.9,0.4399,29.32,8.48,198.55,7211823.0,0.0
215,5.96,0.42,29.94,8.52,201.79,6158996.0,0.0
214,5.99,0.391,30.55,8.73,210.19,5987120.0,0.0
213,5.97,0.381,31.48,8.65,212.28,4794440.0,0.0
212,5.84,0.4234,31.49,8.535,216.5,5396030.0,0.0
211,5.58,0.418,31.45,8.62,213.98,5169832.0,0.0
210,5.49,0.415,31.74,8.52,214.44,4910285.0,0.0
209,5.46,0.404,31.82,8.65,215.94,3603385.0,0.0
208,5.61,0.38,32.2,8.8,216.78,4067131.0,0.0
207,5.78,0.4,32.21,9.38,224.78,5369066.0,0.0
206,5.92,0.39,32.26,9.56,224.65,4573875.0,0.0
205,5.73,0.395,32.36,9.402,222.53,3540699.0,0.0
204,5.76,0.39,32.63,9.32,221.53,2657899.0,0.0
203,5.685,0.36,32.88,9.43,220.4,2230821.0,0.0
202,5.76,0.3723,32.91,9.45,226.25,3394588.0,82.0
201,5.88,0.3401,32.93,9.38,225.26,3047535.0,0.0
200,5.99,0.3518,32.78,9.535,228.36,2556119.0,0.0
199,5.98,0.3799,32.59,9.66,220.5,4425756.0,0.0
198,5.87,0.375,32.06,9.77,222.27,2570462.0,0.0
197,5.99,0.35,31.64,9.76,230.01,4479483.0,0.0
196,6.13,0.3401,31.47,9.595,229.51,3427251.0,0.0
195,6.15,0.3488,31.28,9.67,228.49,2887028.0,0.0
194,6.11,0.3681,31.25,9.5,230.61,2415462.0,0.0
193,6.09,0.369,31.14,9.61,234.79,3061574.0,0.0
192,6.18,0.365,31.15,9.28,230.01,4014048.0,0.0
191,6.1,0.365,31.05,9.2,227.2,3928706.0,0.0
190,6.16,0.33,31.13,9.285,225.79,3808747.0,0.0
189,6.08,0.33,31.17,9.54,230.61,4142155.0,0.0
188,6.15,0.3,31.28,9.73,230.03,3190342.0,0.0
187,6.045,0.3296,31.27,9.71,226.16,2259465.0,0.0
186,5.75,0.2605,31.3,9.91,229.08,2199766.0,0.0
185,5.75,0.2999,31.27,9.94,225.65,2336496.0,0.0
184,5.525,0.4,31.29,10.02,224.91,1876959.0,0.0
183,5.4,0.49,31.24,9.89,225.61,1811850.0,0.0
182,5.5,0.47,31.24,9.905,225.59,2017964.0,0.0
181,5.66,0.47,31.19,9.93,223.61,2251115.0,0.0
180,5.6,0.48,31.29,10.28,223.24,1786408.0,0.0
179,5.67,0.47,31.43,10.28,223.51,1699300.0,0.0
178,5.7,0.461,31.25,10.29,225.0,1658616.0,0.0
177,5.68,0.43,31.32,10.375,222.93,2061692.0,0.0
176,5.64,0.42,31.23,10.36,224.84,4747745.0,0.0
175,5.46,0.42,31.22,10.27,222.62,2566947.0,0.0
174,5.285,0.42,31.21,10.14,220.96,1760212.0,0.0
173,5.39,0.39,31.23,10.23,219.99,2238087.0,0.0
172,5.35,0.4301,31.36,10.2,215.2,3261381.0,0.0
171,5.36,0.5,31.37,10.19,211.34,3164222.0,0.0
170,5.36,0.5,31.24,10.33,212.01,3274854.0,0.0
169,5.32,0.5,31.2,10.39,200.77,7932444.0,0.0
168,5.39,0.475,31.29,10.31,197.78,5970154.0,0.0
167,5.4,0.47,31.05,10.295,202.83,4386193.0,0.0
166,5.19,0.51,31.06,10.22,201.71,3637918.0,0.0
165,5.23,0.48,31.04,10.145,197.36,3372293.0,0.0
164,5.11,0.4899,30.11,10.0,194.47,3753734.0,0.0
163,5.02,0.45,30.49,10.15,198.3,3714049.0,0.0
162,4.91,0.42,29.85,9.81,196.05,3583140.0,0.0
161,5.0,0.4001,29.7,9.825,196.41,2256143.0,0.0
160,5.07,0.49,29.75,9.99,200.42,3082942.0,0.0
159,5.12,0.45,29.68,9.82,205.4,3104266.0,0.0
158,5.06,0.4,29.43,9.94,206.34,2298318.0,0.0
157,5.03,0.3903,29.67,9.97,204.64,2408556.0,0.0
156,4.88,0.4149,29.85,10.31,205.22,2631285.0,0.0
155,4.89,0.39,30.04,10.525,206.43,2381600.0,0.0
154,4.87,0.4091,29.89,10.34,207.45,2904125.0,0.0
153,4.85,0.4,29.54,10.135,208.99,2393373.0,0.0
152,4.87,0.4,29.88,10.11,205.81,3367907.0,0.0
151,4.96,0.4022,29.9,10.07,206.27,2079324.0,0.0
150,4.93,0.4001,29.53,10.1,200.7,2714040.0,0.0
149,4.96,0.4112,29.62,10.0,204.03,2581730.0,0.0
148,4.87,0.4,29.64,9.8707,213.7,5989342.0,0.0
147,4.78,0.39,29.5,9.91,211.41,3537953.0,0.0
146,4.82,0.41,29.5,10.105,208.46,1872456.0,0.0
145,4.79,0.42,29.27,10.05,201.0,4697937.0,0.0
144,4.74,0.42,29.08,10.12,196.61,3489480.0,0.0
143,4.71,0.44,28.86,10.14,200.95,3311340.0,0.0
142,4.65,0.41,28.92,10.01,200.1,2326754.0,0.0
141,4.58,0.425,28.9,10.01,201.51,1969099.0,0.0
140,4.55,0.4,28.77,9.97,200.24,2495140.0,0.0
139,4.6,0.38,28.89,10.09,196.51,4265471.0,0.0
138,4.51,0.38,28.85,10.24,193.96,4518331.0,0.0
137,4.57,0.38,28.98,10.38,199.1,5676046.0,0.0
136,4.54,0.384,29.06,10.369,203.56,6966185.0,0.0
135,4.43,0.4,29.07,10.38,199.1,5069410.0,0.0
134,4.56,0.38,28.98,10.44,200.09,2936908.0,0.0
133,4.53,0.378,28.92,10.41,202.76,2747344.0,0.0
132,4.41,0.378,28.65,10.375,202.34,2442118.0,0.0
131,4.44,0.355,28.87,10.26,202.24,5346893.0,0.0
130,4.47,0.36,28.63,9.95,204.01,13070990.0,0.0
129,4.51,0.36,29.22,10.28,199.97,4273456.0,0.0
128,4.51,0.3654,29.1,10.03,197.73,4691320.0,0.0
127,4.57,0.3598,28.88,9.71,190.79,7023674.0,0.0
126,4.44,0.285,28.49,9.74,188.02,4242250.0,0.0
125,4.43,0.29,28.28,9.76,187.42,2644550.0,0.0
124,4.43,0.29,28.44,9.44,190.56,5143915.0,0.0
123,4.455,0.301,29.31,9.56,193.21,3857682.0,0.0
122,4.57,0.32,29.42,9.64,194.94,3252927.0,0.0
121,4.71,0.32,29.63,9.69,190.06,8166447.0,0.0
120,5.0,0.325,30.41,9.51,185.35,6746290.0,0.0
119,5.4,0.3,30.71,9.43,188.56,3987091.0,0.0
118,5.07,0.3,30.51,9.48,181.45,6547913.0,0.0
117,5.31,0.29,30.75,9.5,183.77,3899743.0,0.0
116,5.48,0.2799,30.74,9.43,183.93,3432668.0,0.0
115,5.35,0.2925,30.79,9.537,188.66,4880969.0,0.0
114,5.06,0.28,30.67,9.35,185.02,5206473.0,68.0
113,4.83,0.2625,30.87,9.4,184.52,4355872.0,0.0
112,4.91,0.2275,31.18,9.39,191.17,5601238.0,0.0
111,4.68,0.239,31.34,9.345,193.14,4890285.0,0.0
110,4.43,0.2005,31.44,9.755,196.65,2366098.0,0.0
109,4.29,0.22,31.25,9.76,196.12,4521082.0,50.0
108,4.28,0.22,31.05,10.12,189.57,4435312.0,100.0
107,4.34,0.24,30.76,10.38,189.4,3544891.0,0.0
106,4.26,0.2547,31.39,10.39,181.88,5119105.0,0.0
105,4.25,0.26,31.34,10.58,181.47,4040201.0,0.0
104,4.26,0.27,31.11,10.695,186.8,4069480.0,0.0
103,4.36,0.28,31.17,10.92,185.85,3389365.0,0.0
102,4.29,0.2698,31.6,11.24,193.15,5457071.0,0.0
101,4.02,0.2665,31.53,11.29,192.29,3193684.0,0.0
100,4.075,0.28,31.78,11.27,192.18,2720937.0,0.0
99,4.1,0.289,31.86,11.08,192.43,2436428.0,0.0
98,4.29,0.245,31.74,11.25,198.15,6819322.0,0.0
97,4.08,0.26,31.5,11.24,198.69,4147314.0,0.0
96,4.42,0.2451,31.26,11.195,197.58,3218653.0,0.0
95,4.2,0.215,31.75,11.005,202.49,3795444.0,0.0
94,4.31,0.215,31.92,11.01,202.73,3486937.0,0.0
93,4.2,0.2151,32.25,10.86,208.79,4684269.0,61.0
92,4.38,0.22,32.13,10.64,207.7,5206143.0,0.0
91,4.37,0.21,31.82,10.585,208.45,3108427.0,0.0
90,4.28,0.15,31.88,10.615,213.34,4668263.0,0.0
89,4.26,0.15,31.9,10.445,219.53,5913335.0,50.0
88,4.18,0.15,31.7,10.38,219.74,3778544.0,0.0
87,4.02,0.1499,31.71,10.24,214.68,4043086.0,0.0
86,4.25,0.1375,31.6,10.16,213.69,4641288.0,0.0
85,4.16,0.17,31.69,10.29,216.99,5901494.0,0.0
84,4.0,0.158,31.7,10.49,226.99,11204560.0,0.0
83,4.07,0.16,31.52,10.56,226.75,5908927.0,0.0
82,4.105,0.16,31.61,10.51,229.01,5524153.0,0.0
81,4.33,0.1705,31.46,10.505,231.28,3972716.0,49.0
80,4.52,0.1701,31.37,10.47,229.87,3658981.0,0.0
79,4.49,0.178,31.47,10.555,229.73,3649910.0,0.0
78,4.195,0.1759,31.39,10.668,229.59,3787547.0,0.0
77,4.33,0.1862,31.36,10.65,237.75,6085610.0,0.0
76,4.18,0.19,31.27,10.6,235.58,4614731.0,0.0
75,4.3,0.1845,31.23,10.475,238.36,3767272.0,0.0
74,4.13,0.1899,31.21,10.415,243.76,7717244.0,0.0
73,4.26,0.1845,30.53,10.585,244.73,4199720.0,0.0
72,4.11,0.18,29.75,10.58,248.92,6262097.0,0.0
71,5.83,0.2001,30.0,10.59,254.61,4958144.0,0.0
70,5.38,0.215,30.37,10.63,254.47,5145301.0,0.0
69,5.5,0.21,30.32,10.65,252.51,3143717.0,0.0
68,5.4,0.21,30.01,10.59,252.95,3161774.0,0.0
67,5.4,0.2099,29.96,10.54,250.63,3798638.0,0.0
66,5.4,0.205,29.7,10.47,251.93,4112013.0,0.0
65,5.51,0.2,29.69,10.505,249.24,3953105.0,0.0
64,5.56,0.1979,29.68,10.88,251.55,2498799.0,0.0
63,5.49,0.2,29.7,10.465,251.33,2185230.0,0.0
62,5.97,0.21,29.66,10.55,257.77,3557600.0,0.0
61,5.97,0.21,29.56,10.55,257.48,4244063.0,0.0
60,5.76,0.22,29.43,10.665,262.08,3912428.0,0.0
59,5.55,0.205,29.59,10.57,269.2,7812600.0,0.0
58,5.89,0.21,29.72,10.777,269.23,3618336.0,0.0
57,6.22,0.22,30.04,10.99,280.6,7023072.0,0.0
56,6.32,0.2095,30.28,11.0,280.98,7341450.0,0.0
55,6.43,0.2199,30.35,11.16,279.76,4943879.0,0.0
54,6.23,0.22,30.45,11.17,268.95,7063860.0,0.0
53,6.5,0.2021,30.37,11.08,272.23,6251469.0,0.0
52,6.6,0.22,30.52,11.125,277.39,5647575.0,0.0
51,6.44,0.2189,30.33,11.135,273.51,8537811.0,0.0
50,6.24,0.2125,30.02,11.185,255.99,14877090.0,0.0
49,6.48,0.2,30.19,11.17,257.0,8166869.0,0.0
48,6.26,0.218,29.94,10.98,246.23,11450160.0,0.0
47,6.28,0.21,29.81,10.98,249.99,6073890.0,0.0
46,6.48,0.22,30.19,11.295,250.02,4804963.0,0.0
45,6.27,0.2,30.19,11.135,250.48,3345751.0,0.0
44,6.12,0.198,30.12,11.14,251.57,2925481.0,0.0
43,5.95,0.195,30.0,10.97,251.21,3353601.0,0.0
42,5.89,0.1888,29.86,10.99,248.59,3452587.0,53.0
41,5.76,0.195,29.8,11.024,246.87,3726746.0,0.0
40,5.75,0.191,29.66,11.14,244.9,3876494.0,50.0
39,5.64,0.2001,30.28,11.18,243.69,3062785.0,0.0
38,5.7,0.2051,29.86,11.315,246.17,3011280.0,0.0
37,5.72,0.2069,29.54,11.09,258.0,7581719.0,0.0
36,5.55,0.2,29.76,11.19,255.73,5233365.0,0.0
35,5.75,0.1901,29.75,11.158,262.05,7127180.0,0.0
34,5.75,0.2006,29.88,11.14,261.5,6491018.0,0.0
33,5.65,0.2,29.74,11.125,261.92,3601616.0,0.0
32,5.57,0.19,29.39,10.925,250.68,6901555.0,0.0
31,5.58,0.1804,29.53,10.91,255.01,4056735.0,0.0
30,5.57,0.19,29.62,10.85,254.78,3309844.0,0.0
29,5.59,0.185,29.72,10.78,263.16,5637668.0,0.0
28,5.6,0.1875,29.44,10.96,270.22,6221361.0,0.0
27,5.37,0.18,29.62,11.13,277.45,7978665.0,0.0
26,5.49,0.19,29.68,11.395,277.38,3672526.0,0.0
25,5.47,0.175,29.87,11.435,277.92,4141437.0,0.0
24,5.5,0.1701,29.8,11.4,278.3,3293698.0,0.0
23,5.38,0.165,29.88,11.49,298.52,13864850.0,0.0
22,5.37,0.17,30.02,11.52,303.7,10108230.0,0.0
21,5.22,0.175,29.97,11.45,295.0,7858565.0,0.0
20,5.27,0.17,29.93,11.33,298.7,5517731.0,0.0
19,5.35,0.1602,29.99,11.42,302.54,4566632.0,0.0
18,5.48,0.16,30.01,11.465,312.39,7653623.0,0.0
17,5.43,0.164,30.04,11.485,308.71,5718053.0,0.0
16,5.41,0.1603,29.77,11.46,296.84,6043648.0,0.0
15,5.26,0.17,29.56,11.22,304.0,9275682.0,0.0
14,5.18,0.165,29.64,11.32,301.44,4128067.0,0.0
13,5.28,0.1607,29.84,11.303,300.25,3034225.0,0.0
12,5.3,0.16,30.0,11.43,305.52,3891145.0,0.0
11,5.43,0.17,30.27,11.545,302.51,6145961.0,0.0
10,5.36,0.192,29.55,11.65,305.6,4501958.0,0.0
9,5.55,0.185,29.55,11.98,308.03,5077771.0,0.0
8,5.5,0.17,29.45,12.2,313.79,6734162.0,0.0
7,6.11,0.17,29.26,12.2,310.17,4683131.0,0.0
6,6.6,0.175,29.08,12.15,308.63,3462663.0,0.0
5,7.04,0.175,28.99,12.01,314.07,4496659.0,0.0
4,7.45,0.19,28.94,12.05,322.83,8819888.0,0.0
3,6.88,0.1908,28.99,12.03,318.89,5316551.0,0.0
2,7.13,0.18,29.23,12.055,311.02,6879259.0,0.0
1,7.14,0.19,29.2,12.06,295.46,14135990.0,0.0
0,7.23,0.1745,29.22,12.1,308.35,8117449.0,0.0
