"date","close","volume","open","high","low"

"2017/05/05","7.2300","22455.0000","7.1400","7.3922","7.0000"
"2017/05/04","7.1400","58491.0000","7.1300","7.4600","6.9900"
"2017/05/03","7.1300","65775.0000","7.2500","7.2500","6.9400"
"2017/05/02","6.8800","106692.0000","7.5000","7.5000","6.8800"
"2017/05/01","7.4500","52070.0000","7.2600","7.4999","7.2600"
"2017/04/28","7.0400","51031.0000","6.7500","7.2299","6.5550"
"2017/04/27","6.6000","141538.0000","6.2300","6.7800","6.2300"
"2017/04/26","6.1100","469803.0000","6.2500","6.6500","6.0200"
"2017/04/25","5.5000","52842.0000","5.6200","5.6816","5.3910"
"2017/04/24","5.5500","47782.0000","5.3800","5.6500","5.3800"
"2017/04/21","5.3600","12548.0000","5.4400","5.4900","5.3200"
"2017/04/20","5.4300","10611.0000","5.3500","5.4800","5.2600"
"2017/04/19","5.3000","7722.0000","5.3400","5.3950","5.3000"
"2017/04/18","5.2800","21584.0000","5.2000","5.3800","5.1900"
"2017/04/17","5.1800","9596.0000","5.2400","5.3500","5.1700"
"2017/04/13","5.2600","12881.0000","5.2200","5.3800","5.2200"
"2017/04/12","5.4100","13911.0000","5.4300","5.5000","5.2500"
"2017/04/11","5.4300","93521.0000","5.4420","5.5000","5.3800"
"2017/04/10","5.4800","38261.0000","5.3200","5.5000","5.2600"
"2017/04/07","5.3500","24365.0000","5.2300","5.4000","5.2300"
"2017/04/06","5.2700","25638.0000","5.1650","5.4150","5.1650"
"2017/04/05","5.2200","17813.0000","5.3000","5.4000","5.2200"
"2017/04/04","5.3700","20362.0000","5.3900","5.5100","5.3000"
"2017/04/03","5.3800","34721.0000","5.5000","5.5000","5.3800"
"2017/03/31","5.5000","16668.0000","5.4900","5.5900","5.4800"
"2017/03/30","5.4700","12280.0000","5.5000","5.5819","5.4600"
"2017/03/29","5.4900","3672.0000","5.4000","5.5000","5.4000"
"2017/03/28","5.3700","30582.0000","5.5600","5.6400","5.3700"
"2017/03/27","5.6000","23748.0000","5.5400","5.6400","5.5000"
"2017/03/24","5.5900","12522.0000","5.6200","5.6200","5.5800"
"2017/03/23","5.5700","2900.0000","5.6000","5.6100","5.5500"
"2017/03/22","5.5800","39165.0000","5.5900","5.7600","5.5300"
"2017/03/21","5.5700","19247.0000","5.6400","5.7300","5.5300"
"2017/03/20","5.6500","32486.0000","5.6800","5.7350","5.5600"
"2017/03/17","5.7500","20554.0000","5.6800","5.8000","5.6600"
"2017/03/16","5.7500","56981.0000","5.5800","5.8400","5.5800"
"2017/03/15","5.5500","71969.0000","5.7600","5.7840","5.5500"
"2017/03/14","5.7200","157834.0000","5.6700","6.0100","5.6700"
"2017/03/13","5.7000","27210.0000","5.5200","5.7000","5.5200"
"2017/03/10","5.6400","42175.0000","5.7600","5.7600","5.5000"
"2017/03/09","5.7500","36947.0000","5.7600","5.8650","5.6800"
"2017/03/08","5.7600","33274.0000","5.8900","5.9106","5.5600"
"2017/03/07","5.8900","36034.0000","5.9500","6.0500","5.7200"
"2017/03/06","5.9500","47526.0000","5.9600","6.1000","5.9000"
"2017/03/03","6.1200","9274.0000","6.3500","6.4200","6.1200"
"2017/03/02","6.2700","19197.0000","6.4100","6.4400","6.1700"
"2017/03/01","6.4800","58693.0000","6.2800","6.5000","6.1350"
"2017/02/28","6.2800","43155.0000","6.2000","6.2900","5.8600"
"2017/02/27","6.2600","20470.0000","6.4700","6.4700","6.1603"
"2017/02/24","6.4800","34595.0000","6.2700","6.4900","6.1842"
"2017/02/23","6.2400","24649.0000","6.5000","6.5000","6.1800"
"2017/02/22","6.4400","36349.0000","6.4790","6.5500","6.2800"
"2017/02/21","6.6000","96113.0000","6.5000","6.6900","6.3700"
"2017/02/17","6.5000","147570.0000","6.2200","6.5000","6.0652"
"2017/02/16","6.2300","28594.0000","6.4400","6.4400","5.9560"
"2017/02/15","6.4300","122195.0000","6.3500","6.5000","6.2000"
"2017/02/14","6.3200","71755.0000","6.2200","6.3300","6.0100"
"2017/02/13","6.2200","64409.0000","5.9400","6.2900","5.8001"
"2017/02/10","5.8900","135656.0000","6.1600","6.1600","5.6900"
"2017/02/09","5.5500","92693.0000","5.7200","5.8600","5.4601"
"2017/02/08","5.7600","13085.0000","5.9600","5.9600","5.6250"
"2017/02/07","5.9700","13263.0000","5.9600","6.0000","5.7900"
"2017/02/06","5.9700","89105.0000","5.5500","6.1300","5.5100"
"2017/02/03","5.4900","15663.0000","5.4800","5.4900","5.4100"
"2017/02/02","5.5600","17604.0000","5.4300","5.6000","5.3500"
"2017/02/01","5.5100","57538.0000","5.4800","5.7000","5.3250"
"2017/01/31","5.4000","27726.0000","5.2800","5.4700","5.2100"
"2017/01/30","5.4000","92140.0000","5.4000","5.5890","5.1600"
"2017/01/27","5.4000","67339.0000","5.5000","5.6000","5.2800"
"2017/01/26","5.5000","143181.0000","5.3500","5.6500","5.2000"
"2017/01/25","5.3800","599318.0000","5.4500","5.7899","5.1590"
"2017/01/24","5.8300","2968944.0000","4.3700","6.3600","4.3600"
"2017/01/23","4.1100","14943.0000","4.2000","4.3200","4.0500"
"2017/01/20","4.2600","7424.0000","4.2000","4.3100","4.1403"
"2017/01/19","4.1300","15294.0000","4.1700","4.3240","4.0200"
"2017/01/18","4.3000","5243.0000","4.1400","4.4100","4.1400"
"2017/01/17","4.1800","3905.0000","4.3300","4.3300","4.1800"
"2017/01/13","4.3300","4603.0000","4.1400","4.4200","4.1400"
"2017/01/12","4.1950","9643.0000","4.4900","4.5000","4.1200"
"2017/01/11","4.4900","13429.0000","4.5000","4.5000","4.3500"
"2017/01/10","4.5200","20644.0000","4.3800","4.6100","4.2950"
"2017/01/09","4.3300","90851.0000","4.1700","4.5600","4.1700"
"2017/01/06","4.1050","59585.0000","4.1900","4.2400","4.0300"
"2017/01/05","4.0700","15721.0000","4.0960","4.1500","4.0200"
"2017/01/04","4.0000","153159.0000","4.1300","4.3900","3.9900"
"2017/01/03","4.1600","25465.0000","4.2900","4.2900","4.1300"
"2016/12/30","4.2500","36439.0000","4.0100","4.2700","4.0100"
"2016/12/29","4.0200","27448.0000","4.1200","4.1200","4.0100"
"2016/12/28","4.1800","10043.0000","4.2200","4.2900","4.1200"
"2016/12/27","4.2600","40329.0000","4.2400","4.2900","4.1900"
"2016/12/23","4.2800","11089.0000","4.3800","4.3900","4.2500"
"2016/12/22","4.3700","20463.0000","4.3000","4.4400","4.2100"
"2016/12/21","4.3800","14470.0000","4.2000","4.4100","4.1999"
"2016/12/20","4.2000","26968.0000","4.2500","4.4060","4.2000"
"2016/12/19","4.3100","43428.0000","4.2500","4.3700","4.1800"
"2016/12/16","4.2000","28033.0000","4.3500","4.5000","4.1600"
"2016/12/15","4.4200","56101.0000","4.0800","4.4607","4.0759"
"2016/12/14","4.0800","18922.0000","4.2800","4.2800","4.0700"
"2016/12/13","4.2900","36848.0000","4.1000","4.2900","4.0800"
"2016/12/12","4.1000","37420.0000","4.0300","4.1750","4.0300"
"2016/12/09","4.0750","118081.0000","4.0800","4.1000","4.0000"
"2016/12/08","4.0200","46515.0000","4.2300","4.2300","4.0200"
"2016/12/07","4.2900","43062.0000","4.4000","4.4801","4.1550"
"2016/12/06","4.3600","27696.0000","4.4300","4.4615","4.2000"
"2016/12/05","4.2600","5857.0000","4.2600","4.4132","4.2400"
"2016/12/02","4.2500","16591.0000","4.3400","4.3800","4.2400"
"2016/12/01","4.2600","28491.0000","4.3400","4.3620","4.1800"
"2016/11/30","4.3400","9611.0000","4.2400","4.3800","4.2137"
"2016/11/29","4.2800","23513.0000","4.2700","4.3400","4.1800"
"2016/11/28","4.2900","30915.0000","4.4400","4.5900","4.2900"
"2016/11/25","4.4300","15951.0000","4.6157","4.7744","4.3800"
"2016/11/23","4.6800","15521.0000","4.9000","4.9800","4.6700"
"2016/11/22","4.9100","62092.0000","4.8500","5.2100","4.8100"
"2016/11/21","4.8300","97271.0000","5.1500","5.2000","4.7100"
"2016/11/18","5.0600","50099.0000","5.3400","5.3400","4.6000"
"2016/11/17","5.3500","23234.0000","5.4140","5.4463","5.1500"
"2016/11/16","5.4800","30809.0000","5.3800","5.7100","5.3791"
"2016/11/15","5.3100","12626.0000","5.0500","5.3800","5.0500"
"2016/11/14","5.0700","31566.0000","5.2600","5.4800","5.0000"
"2016/11/11","5.4000","36109.0000","5.0000","5.4900","5.0000"
"2016/11/10","5.0000","31019.0000","4.7640","5.0000","4.7000"
"2016/11/09","4.7100","23452.0000","4.5200","4.7100","4.5200"
"2016/11/08","4.5700","24025.0000","4.3800","4.6500","4.3501"
"2016/11/07","4.4550","66087.0000","4.5100","4.6200","4.4300"
"2016/11/04","4.4300","16360.0000","4.3900","4.4600","4.3900"
"2016/11/03","4.4300","43763.0000","4.4100","4.5100","4.4000"
"2016/11/02","4.4400","14847.0000","4.4580","4.5350","4.3800"
"2016/11/01","4.5700","10071.0000","4.5500","4.7100","4.4800"
"2016/10/31","4.5100","3073.0000","4.4900","4.6531","4.4900"
"2016/10/28","4.5100","24457.0000","4.4500","4.8260","4.4500"
"2016/10/27","4.4700","7067.0000","4.4400","4.8260","4.4400"
"2016/10/26","4.4400","9353.0000","4.4100","4.7640","4.4100"
"2016/10/25","4.4100","8291.0000","4.6900","4.6900","4.2560"
"2016/10/24","4.5300","12008.0000","4.5300","4.6200","4.4300"
"2016/10/21","4.5600","18507.0000","4.3700","4.5800","4.3700"
"2016/10/20","4.4300","5631.0000","4.6900","4.6900","4.3480"
"2016/10/19","4.5400","13269.0000","4.5900","4.7400","4.5100"
"2016/10/18","4.5700","14077.0000","4.6400","4.7100","4.5100"
"2016/10/17","4.5100","17264.0000","4.5500","4.6500","4.5100"
"2016/10/14","4.6000","9309.0000","4.5200","4.6300","4.5200"
"2016/10/13","4.5500","6849.0000","4.6300","4.6400","4.5200"
"2016/10/12","4.5800","7250.0000","4.6500","4.6500","4.5210"
"2016/10/11","4.6500","16326.0000","4.7100","4.7100","4.6500"
"2016/10/10","4.7100","30200.0000","4.7500","4.9600","4.6900"
"2016/10/07","4.7400","9276.0000","4.8000","4.9300","4.7300"
"2016/10/06","4.7900","20564.0000","4.8000","4.9200","4.6850"
"2016/10/05","4.8200","14052.0000","4.8200","5.0300","4.8128"
"2016/10/04","4.7800","23739.0000","4.8588","4.8588","4.7500"
"2016/10/03","4.8700","7036.0000","4.9000","5.0800","4.8600"
"2016/09/30","4.9600","9113.0000","4.9100","4.9900","4.8880"
"2016/09/29","4.9300","3726.0000","4.9100","4.9900","4.9079"
"2016/09/28","4.9600","6357.0000","4.9800","5.0390","4.8939"
"2016/09/27","4.8700","31191.0000","4.9100","4.9899","4.8300"
"2016/09/26","4.8500","6978.0000","4.8000","4.9500","4.8000"
"2016/09/23","4.8700","19397.0000","4.8200","4.9900","4.8200"
"2016/09/22","4.8900","12048.0000","4.8700","5.0700","4.7500"
"2016/09/21","4.8800","24392.0000","5.0200","5.1950","4.8001"
"2016/09/20","5.0300","25870.0000","5.1400","5.1700","4.9900"
"2016/09/19","5.0600","16682.0000","5.0400","5.1200","4.9870"
"2016/09/16","5.1200","16567.0000","5.1300","5.1400","4.8800"
"2016/09/15","5.0700","11062.0000","4.8514","5.1400","4.8514"
"2016/09/14","5.0000","11472.0000","4.9000","5.1200","4.8700"
"2016/09/13","4.9100","22740.0000","5.0500","5.0500","4.8600"
"2016/09/12","5.0200","35280.0000","5.1100","5.1400","5.0100"
"2016/09/09","5.1100","13501.0000","5.2100","5.2500","5.1100"
"2016/09/08","5.2300","11359.0000","5.1900","5.3100","5.1500"
"2016/09/07","5.1900","55957.0000","5.4400","5.4400","5.1900"
"2016/09/06","5.4000","8651.0000","5.4350","5.5700","5.3750"
"2016/09/02","5.3900","22028.0000","5.3200","5.4900","5.3200"
"2016/09/01","5.3200","17678.0000","5.3600","5.6100","5.3200"
"2016/08/31","5.3600","9269.0000","5.2900","5.3900","5.2900"
"2016/08/30","5.3600","11908.0000","5.3800","5.5400","5.3000"
"2016/08/29","5.3500","6582.0000","5.5100","5.5100","5.3000"
"2016/08/26","5.3900","17238.0000","5.3800","5.5100","5.3700"
"2016/08/25","5.2850","20341.0000","5.4300","5.5000","5.2700"
"2016/08/24","5.4600","16223.0000","5.6400","5.6900","5.3900"
"2016/08/23","5.6400","26578.0000","5.7000","5.7800","5.5000"
"2016/08/22","5.6800","7583.0000","5.7000","5.7000","5.6400"
"2016/08/19","5.7000","9803.0000","5.7000","5.7000","5.6611"
"2016/08/18","5.6700","3784.0000","5.6700","5.7000","5.6130"
"2016/08/17","5.6000","8003.0000","5.6500","5.6650","5.5200"
"2016/08/16","5.6600","16616.0000","5.5500","5.6600","5.5200"
"2016/08/15","5.5000","20183.0000","5.3900","5.5400","5.2800"
"2016/08/12","5.4000","18489.0000","5.6300","5.6400","5.3600"
"2016/08/11","5.5250","23071.0000","5.6600","5.7400","5.5200"
"2016/08/10","5.7500","21914.0000","5.8600","5.8700","5.6300"
"2016/08/09","5.7500","19720.0000","6.0000","6.0100","5.7000"
"2016/08/08","6.0450","21510.0000","6.0900","6.3200","6.0101"
"2016/08/05","6.1500","24144.0000","6.1900","6.5200","6.0701"
"2016/08/04","6.0800","16335.0000","6.0800","6.1580","6.0101"
"2016/08/03","6.1600","10115.0000","6.0500","6.1900","6.0500"
"2016/08/02","6.1000","4265.0000","6.1800","6.1800","6.0500"
"2016/08/01","6.1800","6054.0000","6.0300","6.1800","6.0200"
"2016/07/29","6.0900","7166.0000","6.1400","6.1500","5.9958"
"2016/07/28","6.1100","10492.0000","6.1200","6.1500","6.0370"
"2016/07/27","6.1500","6520.0000","6.3300","6.3300","6.0547"
"2016/07/26","6.1300","24444.0000","6.0000","6.2500","6.0000"
"2016/07/25","5.9900","24321.0000","5.7700","6.0000","5.7700"
"2016/07/22","5.8700","5113.0000","5.9100","5.9100","5.7801"
"2016/07/21","5.9800","7540.0000","5.9400","5.9800","5.8900"
"2016/07/20","5.9900","5308.0000","5.9000","5.9900","5.8700"
"2016/07/19","5.8800","3565.0000","5.9200","5.9800","5.8400"
"2016/07/18","5.7600","13111.0000","5.7000","5.8500","5.5700"
"2016/07/15","5.6850","16589.0000","5.8200","5.9700","5.5200"
"2016/07/14","5.7600","11329.0000","5.8500","5.9000","5.6401"
"2016/07/13","5.7300","14207.0000","5.9600","6.0600","5.7200"
"2016/07/12","5.9200","5246.0000","5.7500","5.9800","5.7500"
"2016/07/11","5.7800","11635.0000","5.7000","5.8100","5.7000"
"2016/07/08","5.6100","9894.0000","5.4600","5.8000","5.4600"
"2016/07/07","5.4600","17351.0000","5.4800","6.0000","5.2858"
"2016/07/06","5.4900","18077.0000","5.5700","5.6400","5.4500"
"2016/07/05","5.5800","20826.0000","5.8300","5.8300","5.5600"
"2016/07/01","5.8400","26995.0000","6.1700","6.1700","5.8400"
"2016/06/30","5.9700","17033.0000","6.0900","6.1200","5.9600"
"2016/06/29","5.9900","12029.0000","6.2500","6.3300","5.9500"
"2016/06/28","5.9600","16046.0000","5.9000","6.1100","5.9000"
"2016/06/27","5.9000","22988.0000","6.1700","6.2999","5.8600"
"2016/06/24","6.1700","50641.0000","6.5000","6.5550","6.1700"
"2016/06/23","6.7000","47404.0000","6.7990","6.8900","6.6300"
"2016/06/22","6.5500","16883.0000","6.8900","6.9260","6.5400"
"2016/06/21","6.8800","7478.0000","6.9090","7.0000","6.8500"
"2016/06/20","6.9400","65690.0000","7.0000","7.1000","6.8901"
"2016/06/17","6.9200","18718.0000","6.8900","6.9600","6.6700"
"2016/06/16","6.8200","19854.0000","6.5500","6.8600","6.4600"
"2016/06/15","6.7700","7848.0000","6.6800","6.9200","6.5500"
"2016/06/14","6.6500","2623.0000","6.4900","6.6500","6.4900"
"2016/06/13","6.5400","4592.0000","6.5000","7.0600","6.3410"
"2016/06/10","6.6200","7446.0000","6.5200","6.6500","6.5100"
"2016/06/09","6.5900","4832.0000","6.6700","6.8589","6.5000"
"2016/06/08","6.7600","16885.0000","6.6100","6.8100","6.5900"
"2016/06/07","6.5900","10706.0000","6.8200","6.8440","6.5500"
"2016/06/06","6.9100","26951.0000","6.8000","7.0000","6.6900"
"2016/06/03","6.7900","19508.0000","7.0000","7.0000","6.5000"
"2016/06/02","6.9600","10700.0000","7.0000","7.0880","6.8601"
"2016/06/01","7.0000","14111.0000","7.0000","7.0900","6.8300"
"2016/05/31","7.0000","24545.0000","6.8300","7.0400","6.6900"
"2016/05/27","6.7200","14923.0000","6.5800","7.0800","6.5800"
"2016/05/26","6.7050","8695.0000","6.6400","6.7300","6.5800"
"2016/05/25","6.5800","7764.0000","6.7450","6.7500","6.5600"
"2016/05/24","6.6100","23798.0000","6.5450","6.6500","6.4000"
"2016/05/23","6.2700","79356.0000","5.8700","6.4350","5.8700"
"2016/05/20","5.8100","32460.0000","5.7000","5.9600","5.6700"
"2016/05/19","5.6800","21960.0000","5.7300","5.7700","5.6500"
"2016/05/18","5.6600","19079.0000","5.6900","5.8300","5.6500"
"2016/05/17","5.7300","30848.0000","5.8200","6.0800","5.6600"
"2016/05/16","5.8000","27258.0000","5.7800","5.9200","5.6300"
"2016/05/13","5.6900","9892.0000","5.5600","5.7700","5.5300"
"2016/05/12","5.6700","13883.0000","5.7900","5.8300","5.6700"
"2016/05/11","5.7500","19150.0000","5.9000","5.9800","5.6800"
"2016/05/10","5.9700","30333.0000","6.0500","6.1000","5.8400"
"2016/05/09","6.0200","60723.0000","5.8300","6.1600","5.7800"
"2016/05/06","5.7700","15481.0000","5.7000","5.7900","5.6200"
"2016/05/05","5.8000","38785.0000","6.0700","6.1781","5.8000"
"2016/05/04","6.0900","59722.0000","5.7200","6.2000","5.5900"
"2016/05/03","5.6500","35313.0000","6.0000","6.1100","5.6000"
"2016/05/02","6.0600","27017.0000","6.1900","6.4600","6.0100"
"2016/04/29","6.2500","14901.0000","6.3440","6.3900","6.1900"
"2016/04/28","6.3400","7770.0000","6.3600","6.4700","6.3000"
"2016/04/27","6.3600","9250.0000","6.4700","6.4900","6.3400"
"2016/04/26","6.4200","13140.0000","6.3800","6.5600","6.3500"
"2016/04/25","6.4200","2415.0000","6.5300","6.5300","6.4000"
"2016/04/22","6.5700","5804.0000","6.5200","6.6050","6.4500"
"2016/04/21","6.4300","6682.0000","6.4010","6.4600","6.3300"
"2016/04/20","6.3700","10007.0000","6.3300","6.5000","6.3200"
"2016/04/19","6.3300","14462.0000","6.5600","6.7244","6.3000"
"2016/04/18","6.4700","17689.0000","6.4700","6.7700","6.3500"
"2016/04/15","6.4700","47362.0000","6.5900","6.9400","6.4300"
"2016/04/14","6.6800","17456.0000","6.8400","7.0999","6.4365"
"2016/04/13","6.7850","13037.0000","6.7600","7.0900","6.7600"
"2016/04/12","6.9800","27512.0000","6.5500","6.9800","6.5400"
"2016/04/11","6.3300","11794.0000","6.5000","6.5100","6.1300"
"2016/04/08","6.5000","3608.0000","6.5200","6.8500","6.3525"
"2016/04/07","6.3900","14572.0000","6.1400","7.1350","6.1400"
"2016/04/06","6.1900","9217.0000","6.0300","6.2500","6.0201"
"2016/04/05","6.0600","6619.0000","6.0000","6.2700","6.0000"
"2016/04/04","6.0300","14705.0000","6.0300","6.2300","6.0000"
"2016/04/01","6.1100","64181.0000","6.5200","6.5200","6.0200"
"2016/03/31","6.4900","6408.0000","6.7700","6.7900","6.4900"
"2016/03/30","6.7700","7990.0000","6.9000","6.9000","6.7100"
"2016/03/29","6.7800","33010.0000","6.3300","6.9500","6.3300"
"2016/03/28","6.4700","24061.0000","6.4200","6.6100","6.2603"
"2016/03/24","6.5150","8752.0000","6.6200","6.6200","6.2101"
"2016/03/23","6.6300","41303.0000","7.2800","7.2800","6.5300"
"2016/03/22","7.2100","27958.0000","7.5200","7.5300","6.9901"
"2016/03/21","7.5900","69412.0000","7.0000","7.8300","7.0000"
"2016/03/18","6.9700","39845.0000","6.6400","7.0000","6.6400"
"2016/03/17","6.6500","48425.0000","5.9000","6.7000","5.8800"
"2016/03/16","5.9600","3096.0000","5.5700","6.0800","5.5700"
"2016/03/15","6.0800","42070.0000","6.1000","6.1000","5.9200"
"2016/03/14","6.0400","7310.0000","6.0440","6.0800","6.0000"
"2016/03/11","6.0500","16743.0000","6.0500","6.0600","5.8800"
"2016/03/10","6.0400","28403.0000","6.0000","6.0400","5.8200"
"2016/03/09","6.0200","7595.0000","5.7900","6.0300","5.7900"
"2016/03/08","5.9000","24931.0000","5.6700","5.9900","5.1601"
"2016/03/07","5.7000","8416.0000","5.4900","5.7200","5.4900"
"2016/03/04","5.5500","16510.0000","5.3200","5.5960","5.3200"
"2016/03/03","5.2700","20382.0000","5.5700","5.7500","5.2200"
"2016/03/02","5.5700","4454.0000","5.5900","5.7000","5.5500"
"2016/03/01","5.4900","27650.0000","5.1600","5.5300","5.1600"
"2016/02/29","5.1000","17159.0000","5.2100","5.3200","5.0200"
"2016/02/26","5.1000","20409.0000","5.4500","5.4500","5.0000"
"2016/02/25","5.4100","9668.0000","4.9800","5.4100","4.9800"
"2016/02/24","5.0800","37632.0000","4.9400","5.1100","4.8400"
"2016/02/23","4.9900","14691.0000","4.9200","5.1700","4.9200"
"2016/02/22","4.9850","29778.0000","4.9600","5.2100","4.9400"
"2016/02/19","5.1000","17171.0000","5.2600","5.2900","5.1000"
"2016/02/18","5.2900","7487.0000","5.3500","5.3800","5.2601"
"2016/02/17","5.2900","7227.0000","5.0000","5.3500","5.0000"
"2016/02/16","4.9500","6025.0000","4.9400","5.0000","4.9000"
"2016/02/12","4.8000","11411.0000","4.9100","4.9690","4.8000"
"2016/02/11","4.8200","12637.0000","4.6600","4.8700","4.5700"
"2016/02/10","4.6900","36758.0000","5.0000","5.0000","4.5200"
"2016/02/09","5.0400","22685.0000","4.9300","5.1000","4.9300"
"2016/02/08","5.0600","27746.0000","5.1000","5.3900","5.0000"
"2016/02/05","5.1800","99156.0000","5.2300","5.6200","5.0500"
"2016/02/04","5.5000","26243.0000","5.4200","5.7300","5.4200"
"2016/02/03","5.4400","9186.0000","5.2701","5.5100","5.2701"
"2016/02/02","5.3300","17691.0000","5.4800","5.6300","5.2900"
"2016/02/01","5.5400","4125.0000","5.5700","5.5700","5.4700"
"2016/01/29","5.6700","9594.0000","5.4400","5.7300","5.4400"
"2016/01/28","5.4700","6853.0000","5.4100","5.4900","5.3800"
"2016/01/27","5.4800","4913.0000","5.3200","5.4800","5.3200"
"2016/01/26","5.4100","6836.0000","5.2600","5.4199","5.1900"
"2016/01/25","5.2500","7582.0000","5.1700","5.2800","5.1700"
"2016/01/22","5.1900","13041.0000","4.9200","5.2000","4.9200"
"2016/01/21","4.8500","18879.0000","4.6500","4.8600","4.5100"
"2016/01/20","4.6300","62088.0000","4.6300","4.7500","4.4100"
"2016/01/19","4.7400","64706.0000","5.3500","5.3500","4.7300"
"2016/01/15","5.2600","70512.0000","5.2500","5.3400","5.1148"
"2016/01/14","5.4000","60402.0000","5.3600","5.4900","5.2200"
"2016/01/13","5.3200","67283.0000","5.6200","5.8600","5.2800"
"2016/01/12","5.5600","31670.0000","5.6900","5.9600","5.4300"
"2016/01/11","5.6900","38868.0000","5.7500","6.0300","5.5800"
"2016/01/08","5.7500","15845.0000","5.7900","5.9500","5.7200"
"2016/01/07","5.6600","56398.0000","5.7100","6.1600","5.6101"
"2016/01/06","5.8700","12955.0000","5.8500","6.0200","5.8500"
"2016/01/05","5.9400","44137.0000","6.1900","6.2000","5.7605"
"2016/01/04","6.2000","34230.0000","6.2500","6.3700","6.1000"
"2015/12/31","6.2600","132580.0000","5.8800","6.8500","5.8800"
"2015/12/30","5.7600","149629.0000","5.7200","5.8300","5.5100"
"2015/12/29","5.7600","77646.0000","5.9200","5.9900","5.3100"
"2015/12/28","5.9000","60030.0000","6.3700","6.3700","5.8700"
"2015/12/24","6.3800","11803.0000","6.6000","6.6000","6.3300"
"2015/12/23","6.5700","61322.0000","6.3700","6.5700","6.1300"
"2015/12/22","6.4200","181087.0000","8.2500","8.3000","6.3100"
"2015/12/21","8.3100","206232.0000","6.3200","8.4000","5.9100"
"2015/12/18","6.2500","78701.0000","5.8500","6.3100","5.7100"
"2015/12/17","5.8100","54606.0000","5.7500","5.9440","5.6700"
"2015/12/16","5.8200","107946.0000","4.8800","5.9100","4.6600"
"2015/12/15","4.7500","33056.0000","4.5200","4.8000","4.3900"
"2015/12/14","4.6400","58334.0000","4.6000","4.7900","4.4400"
"2015/12/11","4.6200","14679.0000","4.8300","4.9600","4.6100"
"2015/12/10","4.8800","57006.0000","4.7700","5.0200","4.7100"
"2015/12/09","4.7000","128031.0000","4.3800","4.7100","4.2200"
"2015/12/08","4.2600","31716.0000","4.2200","4.4100","4.1900"
"2015/12/07","4.2800","21523.0000","4.3400","4.3400","4.2201"
"2015/12/04","4.3800","48323.0000","4.3800","4.4300","4.2800"
"2015/12/03","4.3500","46550.0000","4.3500","4.4200","4.3100"
"2015/12/02","4.3600","63323.0000","4.3500","4.4300","4.3000"
"2015/12/01","4.3850","20135.0000","4.4400","4.4400","4.3500"
"2015/11/30","4.4200","57883.0000","4.2900","4.4700","4.2370"
"2015/11/27","4.2900","23565.0000","4.3100","4.3700","4.2300"
"2015/11/25","4.3300","97821.0000","4.3400","4.3900","4.2000"
"2015/11/24","4.3300","119875.0000","4.2500","4.3500","4.1200"
"2015/11/23","4.3000","73141.0000","4.4400","4.4400","4.1500"
"2015/11/20","4.4400","161750.0000","4.9000","4.9000","4.3600"
"2015/11/19","4.9500","105359.0000","5.0500","5.0500","4.7200"
"2015/11/18","5.1100","57992.0000","5.2800","5.2800","5.0000"
"2015/11/17","5.2800","36182.0000","5.2300","5.3200","5.1300"
"2015/11/16","5.2500","30816.0000","5.2300","5.2500","5.0800"
"2015/11/13","5.2700","42831.0000","5.3200","5.3200","5.2100"
"2015/11/12","5.2750","41536.0000","5.4300","5.4300","5.2600"
"2015/11/11","5.3850","44596.0000","5.3900","5.3900","5.2200"
"2015/11/10","5.4000","40522.0000","5.5000","5.5000","5.2600"
"2015/11/09","5.5400","67267.0000","5.4700","5.5500","5.2800"
"2015/11/06","5.4000","22279.0000","5.4000","5.4400","5.1800"
"2015/11/05","5.4000","14042.0000","5.3600","5.4600","5.3600"
"2015/11/04","5.3650","21193.0000","5.3100","5.3999","5.1500"
"2015/11/03","5.2900","62507.0000","5.2000","5.3300","5.1700"
"2015/11/02","5.2100","141545.0000","5.2000","5.2500","5.1500"
"2015/10/30","5.1500","19327.0000","5.2200","5.2200","5.0800"
"2015/10/29","5.2000","48130.0000","5.4500","5.5300","5.1600"
"2015/10/28","5.4700","86652.0000","5.4700","5.9300","5.4000"
"2015/10/27","5.4500","77014.0000","5.5100","5.5500","5.3700"
"2015/10/26","5.5200","76641.0000","5.6500","5.6500","5.4600"
"2015/10/23","5.5800","33587.0000","5.3300","5.6300","5.3199"
"2015/10/22","5.2700","56712.0000","5.2000","5.3100","5.1700"
"2015/10/21","5.2000","33281.0000","5.2100","5.2800","5.1600"
"2015/10/20","5.2400","79631.0000","5.3100","5.3500","5.1600"
"2015/10/19","5.3100","60343.0000","5.2500","5.3500","5.2000"
"2015/10/16","5.2500","83190.0000","5.0000","5.3200","4.8400"
"2015/10/15","4.9800","32757.0000","4.9200","5.0000","4.8800"
"2015/10/14","4.9000","32585.0000","4.8400","5.0300","4.8400"
"2015/10/13","4.8100","22575.0000","5.1500","5.1500","4.7608"
"2015/10/12","5.2200","156329.0000","5.2300","5.2300","4.9000"
"2015/10/09","5.2100","36610.0000","5.1100","5.2100","5.0500"
"2015/10/08","5.0800","351228.0000","4.7500","5.2400","4.6500"
"2015/10/07","4.7500","51533.0000","4.7100","4.8600","4.6200"
"2015/10/06","4.6300","20231.0000","4.6400","4.6900","4.5600"
"2015/10/05","4.6300","78558.0000","4.4700","4.8100","4.4400"
"2015/10/02","4.3600","61031.0000","4.2400","4.4300","4.1400"
"2015/10/01","4.2800","16451.0000","4.3100","4.3500","4.2600"
"2015/09/30","4.3000","27920.0000","4.3700","4.4500","4.2700"
"2015/09/29","4.3600","75393.0000","4.5200","4.5900","4.2800"
"2015/09/28","4.4800","52564.0000","4.6800","4.7300","4.4500"
"2015/09/25","4.6900","29613.0000","4.7800","4.8100","4.6800"
"2015/09/24","4.7900","24906.0000","4.6400","4.7900","4.6400"
"2015/09/23","4.6500","31215.0000","4.5600","4.7400","4.5500"
"2015/09/22","4.5700","45277.0000","4.9200","4.9200","4.5000"
"2015/09/21","4.9600","20625.0000","5.2000","5.2000","4.9300"
"2015/09/18","5.2000","114199.0000","5.0800","5.2200","4.9500"
"2015/09/17","5.1600","41335.0000","5.0800","5.2500","5.0300"
"2015/09/16","5.1000","45045.0000","4.8700","5.1903","4.8700"
"2015/09/15","4.8100","29298.0000","4.9300","4.9300","4.7800"
"2015/09/14","4.9200","38155.0000","4.9501","5.0900","4.8501"
"2015/09/11","4.9900","41369.0000","5.1000","5.1400","4.9400"
"2015/09/10","5.1000","38066.0000","5.2000","5.2400","5.1000"
"2015/09/09","5.2300","32356.0000","5.2900","5.3510","5.1000"
"2015/09/08","5.2800","48106.0000","5.4500","5.4600","5.2500"
"2015/09/04","5.3600","28987.0000","5.4400","5.4700","5.2400"
"2015/09/03","5.4500","29968.0000","5.3200","5.5800","5.3200"
"2015/09/02","5.3400","32044.0000","5.5100","5.5100","5.2400"
"2015/09/01","5.4500","48844.0000","5.4000","5.6400","5.2700"
"2015/08/31","5.4600","49628.0000","5.4200","5.6700","5.2900"
"2015/08/28","5.3900","86178.0000","5.3700","5.5200","5.0600"
"2015/08/27","5.4000","97331.0000","5.0000","5.6600","4.9100"
"2015/08/26","4.9700","102808.0000","5.0500","5.1700","4.9000"
"2015/08/25","4.9100","62410.0000","5.0700","5.2000","4.9000"
"2015/08/24","4.9700","97441.0000","4.9600","5.1400","4.8800"
"2015/08/21","5.1800","68398.0000","5.3000","5.4000","5.0300"
"2015/08/20","5.3500","77290.0000","5.5500","5.6900","5.2800"
"2015/08/19","5.5700","44158.0000","5.6300","5.6900","5.5600"
"2015/08/18","5.6900","44448.0000","5.6840","5.8300","5.6000"
"2015/08/17","5.7800","50067.0000","5.6900","5.9500","5.5200"
"2015/08/14","5.8300","76530.0000","6.2200","6.3000","5.7700"
"2015/08/13","6.2600","30864.0000","6.0700","6.3400","5.8500"
"2015/08/12","6.0600","69710.0000","5.7800","6.2000","5.6300"
"2015/08/11","5.8200","56473.0000","5.7800","5.9600","5.7200"
"2015/08/10","5.8500","89775.0000","5.8000","6.0100","5.7400"
"2015/08/07","6.0000","247913.0000","6.2500","6.5700","5.4803"
"2015/08/06","6.5900","109925.0000","7.1100","7.2580","6.2800"
"2015/08/05","7.0600","67340.0000","7.0000","7.2560","6.9240"
"2015/08/04","6.9100","46873.0000","6.9000","6.9500","6.8000"
"2015/08/03","6.8800","103473.0000","6.6000","6.8900","6.5500"
"2015/07/31","6.6100","103215.0000","6.4700","6.7599","6.4700"
"2015/07/30","6.4900","69688.0000","6.5000","6.6000","6.3600"
"2015/07/29","6.5600","122616.0000","6.5500","6.8600","6.4500"
"2015/07/28","6.5100","148267.0000","6.5100","7.0600","6.4100"
"2015/07/27","6.5800","576671.0000","7.4500","7.7500","6.5500"
"2015/07/24","7.3800","323188.0000","8.0000","8.2900","7.1400"
"2015/07/23","8.0700","114565.0000","8.8400","9.0100","7.9400"
"2015/07/22","8.8200","82828.0000","8.8100","9.0800","8.6800"
"2015/07/21","8.9900","49294.0000","8.9900","9.1600","8.8600"
"2015/07/20","9.0000","41608.0000","9.2800","9.3000","8.9900"
"2015/07/17","9.2900","63327.0000","9.5500","9.7000","9.1100"
"2015/07/16","9.5000","104217.0000","9.8900","9.9100","9.3400"
"2015/07/15","9.8800","62120.0000","10.0000","10.1200","9.6400"
"2015/07/14","9.9600","30222.0000","10.0000","10.0600","9.9300"
"2015/07/13","10.0300","106801.0000","9.9800","10.0450","9.7700"
"2015/07/10","9.8700","105967.0000","10.3900","10.6000","9.7300"
"2015/07/09","10.3100","97253.0000","10.3900","10.3900","9.7801"
"2015/07/08","10.3100","201541.0000","10.5400","10.6400","9.7900"
"2015/07/07","10.4600","114515.0000","10.5800","10.6000","10.1000"
"2015/07/06","10.6400","102123.0000","10.6400","10.8800","10.2150"
"2015/07/02","10.7400","86157.0000","10.3500","11.1100","9.9800"
"2015/07/01","10.3200","96858.0000","10.5500","10.8899","10.0700"
"2015/06/30","10.3900","174461.0000","10.3500","10.4400","10.0400"
"2015/06/29","10.2000","70892.0000","10.1500","10.4600","9.8400"
"2015/06/26","10.2300","41670.0000","10.1600","10.2600","10.0800"
"2015/06/25","10.1600","44484.0000","10.2000","10.4800","10.1400"
"2015/06/24","10.1700","49821.0000","10.2700","10.3399","10.1300"
"2015/06/23","10.3200","28145.0000","10.5100","10.5100","10.2800"
"2015/06/22","10.5500","43587.0000","10.6600","10.7000","10.1801"
"2015/06/19","10.6000","54884.0000","10.6500","10.7399","10.5130"
"2015/06/18","10.6100","48006.0000","10.6300","10.8899","10.5500"
"2015/06/17","10.7100","62030.0000","10.6200","10.9200","10.4400"
"2015/06/16","10.6300","98621.0000","10.3400","10.8200","10.0500"
"2015/06/15","10.4300","42420.0000","10.4700","10.4900","10.2300"
"2015/06/12","10.5500","36615.0000","10.6700","10.9800","10.4700"
"2015/06/11","10.7500","45858.0000","10.9000","10.9000","10.6700"
"2015/06/10","10.9000","57776.0000","10.8400","10.9500","10.6300"
"2015/06/09","10.8200","57599.0000","11.0300","11.0300","10.5600"
"2015/06/08","10.9900","39063.0000","10.8500","11.0300","10.6600"
"2015/06/05","10.8500","185841.0000","11.1000","11.1500","10.7100"
"2015/06/04","11.0600","49092.0000","11.2100","11.2100","10.8300"
"2015/06/03","11.1500","92246.0000","10.7000","11.2500","10.7000"
"2015/06/02","10.7400","50451.0000","11.1800","11.2000","10.6700"
"2015/06/01","10.9900","89361.0000","11.2000","11.2500","10.8000"
"2015/05/29","11.1900","90800.0000","11.2400","11.5400","10.8900"
"2015/05/28","11.3800","52882.0000","11.5700","11.6000","11.2400"
"2015/05/27","11.5700","99969.0000","11.9300","11.9300","11.2000"
"2015/05/26","11.9400","48832.0000","12.1900","12.1900","11.5500"
"2015/05/22","12.1100","174576.0000","11.7800","12.2000","11.4200"
"2015/05/21","11.7000","217826.0000","11.1800","12.0000","11.1600"
"2015/05/20","11.1900","192606.0000","11.5000","11.8100","10.9200"
"2015/05/19","10.6400","141599.0000","10.3400","11.1500","10.3100"
"2015/05/18","10.4300","40736.0000","10.5900","10.8300","10.3500"
"2015/05/15","10.5100","18645.0000","10.4600","10.6900","10.4200"
"2015/05/14","10.5800","24888.0000","10.6300","10.8000","10.5000"
"2015/05/13","10.5200","29213.0000","10.7800","10.9447","10.4200"
"2015/05/12","10.7900","71748.0000","11.0900","11.0900","10.6400"
"2015/05/11","11.0500","186792.0000","10.7000","11.4200","10.6800"
"2015/05/08","10.8100","256475.0000","11.4400","11.4400","10.6000"
"2015/05/07","11.2700","68978.0000","11.2300","11.3000","11.0300"
"2015/05/06","11.1400","40440.0000","11.5800","11.6900","11.1100"
"2015/05/05","11.4400","67276.0000","12.0100","12.1300","11.0400"
"2015/05/04","12.0600","45104.0000","12.4600","12.4600","12.0000"
"2015/05/01","12.4300","34543.0000","12.4800","12.5500","12.1800"
"2015/04/30","12.5000","55818.0000","12.4300","12.5200","12.0400"
"2015/04/29","12.4400","44423.0000","12.5000","12.5200","12.1100"
"2015/04/28","12.5000","144414.0000","11.9900","12.9300","11.9900"
"2015/04/27","11.9400","61805.0000","12.0000","12.3600","11.8200"
"2015/04/24","12.0400","63976.0000","12.1600","12.3600","11.9150"
"2015/04/23","12.2000","60800.0000","12.1900","12.4900","12.0200"
"2015/04/22","12.0100","83995.0000","11.7000","12.1790","11.5320"
"2015/04/21","11.6100","37136.0000","11.4700","11.6700","11.3500"
"2015/04/20","11.5800","63862.0000","11.8000","11.8765","11.3600"
"2015/04/17","11.6800","104842.0000","10.9700","11.7000","10.8400"
"2015/04/16","11.0900","40736.0000","11.1000","11.2040","10.9100"
"2015/04/15","11.2400","47090.0000","10.6200","11.4100","10.5700"
"2015/04/14","10.3800","32105.0000","10.6000","10.7000","10.3500"
"2015/04/13","10.5500","74428.0000","10.7600","11.1900","10.3000"
"2015/04/10","10.7700","31276.0000","10.7800","10.9100","10.0000"
"2015/04/09","10.7300","60773.0000","10.8000","10.9500","10.4200"
"2015/04/08","10.7100","37758.0000","10.7600","11.1700","10.6000"
"2015/04/07","10.7700","33095.0000","11.0500","11.1200","10.7400"
"2015/04/06","11.0700","30654.0000","11.3300","11.4200","11.0500"
"2015/04/02","11.3200","23836.0000","11.2600","11.5000","11.0800"
"2015/04/01","11.2100","32588.0000","11.2900","11.6000","11.0100"
"2015/03/31","11.1800","18207.0000","11.0900","11.3000","11.0900"
"2015/03/30","11.2000","123879.0000","10.9300","11.2700","10.7000"
"2015/03/27","10.9100","158522.0000","10.7300","11.0900","10.5800"
"2015/03/26","10.9000","55579.0000","11.1400","11.4400","10.8801"
"2015/03/25","11.2600","84851.0000","11.8500","11.8700","11.1400"
"2015/03/24","11.8500","41887.0000","11.9700","12.4200","11.7200"
"2015/03/23","11.9800","60486.0000","11.8300","12.0600","11.5700"
"2015/03/20","11.8500","261158.0000","12.0000","12.5900","11.8100"
"2015/03/19","11.9600","147063.0000","11.1000","12.0000","11.1000"
"2015/03/18","11.0500","29430.0000","11.0500","11.2850","10.9300"
"2015/03/17","11.0400","24994.0000","10.9800","11.1000","10.9800"
"2015/03/16","11.0600","33479.0000","11.1600","11.2500","10.9900"
"2015/03/13","11.1600","37611.0000","11.1000","11.2000","10.5700"
"2015/03/12","11.0200","51867.0000","10.9600","11.1100","10.7800"
"2015/03/11","10.9100","53371.0000","10.5500","11.0800","10.3600"
"2015/03/10","10.5800","25651.0000","10.9700","10.9800","10.5400"
"2015/03/09","11.0100","25640.0000","11.0800","11.3300","10.8800"
"2015/03/06","10.9600","26121.0000","11.2000","11.2600","10.9000"
"2015/03/05","11.3100","72357.0000","10.7100","11.4299","10.7100"
"2015/03/04","10.6400","33541.0000","10.8100","10.8200","10.4800"
"2015/03/03","10.7200","66653.0000","11.0900","11.0900","10.7000"
"2015/03/02","11.0000","98090.0000","10.8300","11.1700","10.5100"
"2015/02/27","10.8200","39322.0000","10.8400","10.9500","10.6900"
"2015/02/26","10.8100","57466.0000","10.9000","11.0000","10.5800"
"2015/02/25","10.9400","85005.0000","11.1600","11.2900","10.6500"
"2015/02/24","11.1600","137995.0000","10.7800","11.3100","10.5134"
"2015/02/23","10.5700","89363.0000","10.5300","10.8900","10.2600"
"2015/02/20","10.4900","181657.0000","9.8880","10.9900","9.7500"
"2015/02/19","9.9300","20502.0000","9.8500","10.0600","9.7319"
"2015/02/18","9.8500","25690.0000","9.8900","9.9000","9.6398"
"2015/02/17","9.6500","31568.0000","9.9000","9.9000","9.5000"
"2015/02/13","9.8700","52674.0000","9.6600","9.9000","9.5100"
"2015/02/12","9.5700","12938.0000","9.8820","9.8820","9.4900"
"2015/02/11","9.5200","30341.0000","9.3800","9.9200","9.2200"
"2015/02/10","9.3700","13549.0000","9.3400","9.4100","9.1500"
"2015/02/09","9.2800","14503.0000","9.0100","9.3800","9.0100"
"2015/02/06","9.1600","107795.0000","8.8500","9.3300","8.5600"
"2015/02/05","8.7500","170980.0000","8.6500","8.8500","8.5800"
"2015/02/04","8.6100","83669.0000","8.4200","8.8200","8.4200"
"2015/02/03","8.4100","42079.0000","8.2700","8.5750","8.2300"
"2015/02/02","8.0700","79302.0000","8.1500","8.2299","7.9600"
"2015/01/30","8.2000","17883.0000","8.4000","8.5800","8.1500"
"2015/01/29","8.2600","14907.0000","8.5100","8.5100","8.0800"
"2015/01/28","8.5100","14327.0000","8.7400","8.7400","8.5000"
"2015/01/27","8.7500","27362.0000","8.8500","8.9200","8.7400"
"2015/01/26","8.9700","8055.0000","9.0000","9.0900","8.9300"
"2015/01/23","9.0100","17953.0000","9.0300","9.0550","8.8300"
"2015/01/22","9.0300","10887.0000","8.9600","9.1390","8.9500"
"2015/01/21","8.9500","10047.0000","9.2600","9.3800","8.9400"
"2015/01/20","9.3500","15674.0000","9.3080","9.3500","9.1300"
"2015/01/16","9.5300","48267.0000","8.6500","9.6600","8.5600"
"2015/01/15","8.7400","9604.0000","8.9550","9.1050","8.7000"
"2015/01/14","9.1900","13564.0000","9.3500","9.3700","8.8000"
"2015/01/13","9.2900","69656.0000","9.2100","9.7100","9.0200"
"2015/01/12","9.2300","26649.0000","9.8100","9.8100","9.0700"
"2015/01/09","9.5500","8523.0000","9.5640","9.6400","9.3900"
"2015/01/08","9.5700","8123.0000","9.6600","9.6800","9.5000"
"2015/01/07","9.3750","9992.0000","9.4200","9.7000","9.3200"
"2015/01/06","9.5100","51423.0000","9.3600","9.6100","9.2500"
"2015/01/05","9.6200","40801.0000","10.1400","10.3100","9.6200"
"2015/01/02","10.2700","47543.0000","10.3000","10.7200","9.6500"
"2014/12/31","10.2000","37457.0000","9.7300","10.2400","9.5500"
"2014/12/30","9.6500","68437.0000","8.4800","9.7280","8.4800"
"2014/12/29","8.4800","66192.0000","8.3400","8.7000","8.1000"
"2014/12/26","8.2700","21853.0000","8.4900","8.7000","8.2000"
"2014/12/24","8.4500","33307.0000","8.2000","8.7000","8.2000"
"2014/12/23","8.2900","39318.0000","8.5000","8.5500","8.0600"
"2014/12/22","8.5000","22057.0000","8.3410","8.6000","8.3400"
"2014/12/19","8.1700","18411.0000","8.4000","8.4100","8.1700"
"2014/12/18","8.2900","26444.0000","8.4000","8.4400","8.2900"
"2014/12/17","8.2900","38843.0000","8.1600","8.3700","8.1314"
"2014/12/16","8.0100","64169.0000","8.0100","8.5899","7.9800"
"2014/12/15","7.7100","15439.0000","8.0000","8.0100","7.5200"
"2014/12/12","8.0800","29379.0000","7.8500","8.1000","7.6400"
"2014/12/11","7.8200","15942.0000","7.7900","7.9800","7.7400"
"2014/12/10","7.6900","33388.0000","7.6600","8.0000","7.6600"
"2014/12/09","7.8700","30105.0000","7.9900","8.1900","7.8600"
"2014/12/08","7.9900","42742.0000","8.3000","8.3500","7.8500"
"2014/12/05","8.4000","19149.0000","8.4000","8.4500","8.3200"
"2014/12/04","8.4000","9539.0000","8.5400","8.6000","8.3000"
"2014/12/03","8.4700","14868.0000","8.6000","8.7400","8.4000"
"2014/12/02","8.6400","14432.0000","8.5000","8.7300","8.5000"
"2014/12/01","8.4000","40332.0000","8.6000","9.0900","8.1150"
"2014/11/28","8.8500","8471.0000","8.9800","9.1850","8.8500"
"2014/11/26","9.0800","152159.0000","9.1200","9.1800","8.8100"
"2014/11/25","9.2000","64619.0000","9.5000","9.5500","9.1400"
"2014/11/24","9.5400","59883.0000","9.6700","9.6700","9.3700"
"2014/11/21","9.6700","74762.0000","10.2000","10.2500","9.5600"
"2014/11/20","10.2500","46087.0000","10.1000","10.4000","9.8400"
"2014/11/19","9.9600","10116.0000","9.9600","10.0000","9.8100"
"2014/11/18","9.9800","23048.0000","9.8800","10.1500","9.8800"
"2014/11/17","9.7400","46878.0000","9.8400","9.9700","9.5100"
"2014/11/14","9.9000","9929.0000","9.9700","9.9700","9.7100"
"2014/11/13","9.7500","11610.0000","9.8900","10.1800","9.7500"
"2014/11/12","9.9200","25791.0000","10.1700","10.1700","9.8200"
"2014/11/11","10.1100","7119.0000","10.0600","10.2650","9.8600"
"2014/11/10","10.0900","21558.0000","10.3400","10.6000","10.0100"
"2014/11/07","10.2800","16085.0000","10.0300","10.4000","10.0300"
"2014/11/06","9.9400","18817.0000","10.1600","10.1700","9.9100"
"2014/11/05","10.1500","22115.0000","10.1600","10.2150","10.1000"
"2014/11/04","10.2000","24991.0000","10.4330","10.4330","10.0300"
"2014/11/03","10.4200","18683.0000","10.4500","10.4900","10.2360"
"2014/10/31","10.5300","18094.0000","10.2300","10.5600","10.1600"
"2014/10/30","10.1100","7884.0000","10.1100","10.1700","9.9301"
"2014/10/29","10.1100","16064.0000","10.2300","10.2800","9.9380"
"2014/10/28","10.1900","37722.0000","9.9200","10.2300","9.8580"
"2014/10/27","10.1600","11053.0000","10.0800","10.1600","9.7800"
"2014/10/24","10.1600","50944.0000","10.1400","10.5500","9.9700"
"2014/10/23","10.1400","32925.0000","9.9301","10.1700","9.9301"
"2014/10/22","10.0700","109384.0000","10.1200","10.3400","9.9600"
"2014/10/21","10.1300","20086.0000","10.1700","10.3300","9.9700"
"2014/10/20","10.0500","13339.0000","10.0800","10.1800","9.9120"
"2014/10/17","10.0400","38651.0000","10.0000","10.4000","9.8800"
"2014/10/16","9.8500","27463.0000","9.1300","10.0000","9.1300"
"2014/10/15","9.1900","25422.0000","9.1500","9.5400","9.0000"
"2014/10/14","9.2300","39418.0000","9.6900","9.7100","9.2050"
"2014/10/13","9.2600","43628.0000","9.5900","10.0700","9.2500"
"2014/10/10","9.3600","35222.0000","9.3600","9.5100","9.2500"
"2014/10/09","9.3900","38285.0000","9.7000","9.8300","9.2900"
"2014/10/08","9.6600","42315.0000","9.5000","9.9600","9.4600"
"2014/10/07","9.6300","69356.0000","10.2400","10.2400","9.5500"
"2014/10/06","10.2900","96427.0000","10.7100","10.7100","9.9700"
"2014/10/03","10.6600","43686.0000","10.9000","11.1000","10.5000"
"2014/10/02","10.7700","37927.0000","10.9600","11.0900","10.4300"
"2014/10/01","11.0000","73614.0000","10.7900","11.1500","10.6500"
"2014/09/30","10.7000","92619.0000","10.6300","11.1000","10.4200"
"2014/09/29","10.6000","26652.0000","10.4800","10.9100","10.4700"
"2014/09/26","10.6200","19355.0000","10.8500","10.9100","10.4950"
"2014/09/25","10.7900","38249.0000","10.8300","11.0100","10.6101"
"2014/09/24","10.8200","46026.0000","10.7900","11.0500","10.6500"
"2014/09/23","10.6600","29140.0000","10.7100","10.7500","10.4200"
"2014/09/22","10.7400","28078.0000","11.5300","11.5400","10.6600"
"2014/09/19","11.5500","47762.0000","11.3000","11.8300","11.2300"
"2014/09/18","11.3000","22907.0000","11.2900","11.3000","11.1300"
"2014/09/17","11.1200","34960.0000","10.5400","11.2800","10.0001"
"2014/09/16","10.6600","32112.0000","10.5700","10.7100","10.4700"
"2014/09/15","10.6800","38152.0000","10.8800","10.8800","10.5000"
"2014/09/12","10.8400","16293.0000","10.9300","10.9800","10.7200"
"2014/09/11","10.9000","18391.0000","10.6800","10.9250","10.5500"
"2014/09/10","10.8400","39645.0000","10.6900","11.1619","10.4530"
"2014/09/09","10.6500","66245.0000","11.2600","11.4200","10.5100"
"2014/09/08","11.3100","31124.0000","11.3200","11.4900","11.1600"
"2014/09/05","11.2500","56528.0000","10.8400","11.3750","10.8300"
"2014/09/04","10.8000","18672.0000","10.9400","11.0000","10.7600"
"2014/09/03","10.9300","38671.0000","10.7700","11.1500","10.5640"
"2014/09/02","10.6700","17173.0000","10.7300","10.7300","10.6500"
"2014/08/29","10.6400","17947.0000","10.6400","10.7900","10.5600"
"2014/08/28","10.5700","13059.0000","10.5200","10.6500","10.4601"
"2014/08/27","10.5700","17863.0000","10.6560","10.8199","10.4900"
"2014/08/26","10.6800","48904.0000","10.7500","10.8400","10.4100"
"2014/08/25","10.6500","22490.0000","10.6900","10.8299","10.4300"
"2014/08/22","10.5800","34905.0000","10.1400","10.7200","10.1400"
"2014/08/21","10.1200","13756.0000","10.0000","10.1800","9.8700"
"2014/08/20","10.0300","80668.0000","10.1100","10.3700","9.8000"
"2014/08/19","10.2200","52426.0000","10.5300","10.5800","9.8750"
"2014/08/18","10.4300","22421.0000","10.5800","11.0200","10.3600"
"2014/08/15","10.5100","82362.0000","10.6400","10.7390","10.0000"
"2014/08/14","10.5200","156367.0000","10.3000","11.2800","10.3000"
"2014/08/13","10.2400","130444.0000","8.9100","10.3400","8.9100"
"2014/08/12","8.9500","62505.0000","9.3400","9.3500","8.9000"
"2014/08/11","9.2800","123675.0000","9.3100","9.6500","8.8401"
"2014/08/08","9.4300","90818.0000","9.4900","9.7500","8.7300"
"2014/08/07","9.6200","55000.0000","9.2000","9.7200","8.7900"
"2014/08/06","8.9600","71108.0000","8.8200","8.9900","8.4700"
"2014/08/05","8.8400","45525.0000","9.3000","9.7860","8.7600"
"2014/08/04","9.2900","64000.0000","9.8300","9.8300","9.1800"
"2014/08/01","9.7100","16287.0000","9.7700","9.8000","9.5001"
"2014/07/31","9.7800","12788.0000","10.1600","10.1600","9.7100"
"2014/07/30","10.2800","29451.0000","10.8900","10.9200","10.2400"
"2014/07/29","10.8100","37155.0000","10.5400","10.9332","10.5400"
"2014/07/28","10.5400","13744.0000","10.2300","10.6800","10.2300"
"2014/07/25","10.2300","32227.0000","10.0200","10.4000","10.0200"
"2014/07/24","10.0600","10528.0000","9.9900","10.2000","9.8400"
"2014/07/23","10.0600","20958.0000","10.1400","10.1400","9.5900"
"2014/07/22","10.1200","30425.0000","9.6700","10.5000","9.6700"
"2014/07/21","9.5600","15263.0000","9.8900","9.8900","9.5600"
"2014/07/18","9.8300","11481.0000","9.9500","10.1200","9.7300"
"2014/07/17","9.9200","5047.0000","9.6720","9.9200","9.6700"
"2014/07/16","9.8000","42900.0000","10.2400","10.2400","9.6200"
"2014/07/15","10.2400","23426.0000","10.7950","10.8799","10.1600"
"2014/07/14","10.7900","19850.0000","11.1900","11.1900","10.6050"
"2014/07/11","11.0800","6451.0000","11.3400","11.3400","11.0800"
"2014/07/10","11.1800","11468.0000","11.0000","11.2800","10.8800"
"2014/07/09","11.2400","8338.0000","11.2900","11.3299","11.0900"
"2014/07/08","11.2000","18945.0000","11.4900","11.4900","11.0200"
"2014/07/07","11.5100","18773.0000","12.0000","12.0000","11.4400"
"2014/07/03","12.0100","14500.0000","12.1500","12.1660","11.6600"
"2014/07/02","12.0300","25827.0000","11.9200","12.3100","11.6700"
"2014/07/01","12.0200","35997.0000","12.3700","12.3700","11.7200"
"2014/06/30","12.2300","88837.0000","11.7600","12.5950","11.6000"
"2014/06/27","11.6800","188316.0000","12.0500","13.0000","11.6700"
"2014/06/26","12.0600","60865.0000","11.4900","12.4800","11.4100"
"2014/06/25","11.3500","91448.0000","11.0600","11.6500","11.0600"
"2014/06/24","10.7500","22255.0000","11.1500","11.1500","10.5900"
"2014/06/23","11.1700","8152.0000","11.2400","11.2850","11.0100"
"2014/06/20","11.2700","10403.0000","11.2400","11.3100","11.2300"
"2014/06/19","11.2700","40262.0000","11.6000","11.6000","11.0100"
"2014/06/18","11.6400","44002.0000","11.3800","11.7400","11.0200"
"2014/06/17","11.3800","72334.0000","10.4000","11.4500","10.2280"
"2014/06/16","10.3500","43249.0000","10.7100","10.7100","9.9600"
"2014/06/13","10.7900","12474.0000","10.8200","10.8900","10.6800"
"2014/06/12","10.7100","9742.0000","10.7000","10.9900","10.6100"
"2014/06/11","10.7000","11674.0000","10.1780","10.7900","10.1780"
"2014/06/10","10.7100","3698.0000","10.7300","10.8500","10.7100"
"2014/06/09","10.8000","27935.0000","10.5000","10.8700","10.5000"
"2014/06/06","10.4500","24468.0000","10.3400","10.7000","9.9900"
"2014/06/05","10.3200","11330.0000","10.5400","10.5400","10.2900"
"2014/06/04","10.4900","19271.0000","10.5200","10.5450","10.2600"
"2014/06/03","10.5200","55571.0000","10.0200","10.7000","9.9550"
"2014/06/02","10.0100","32881.0000","9.9700","10.1500","9.9600"
"2014/05/30","9.8800","23707.0000","9.8500","9.9750","9.7500"
"2014/05/29","9.7200","47817.0000","9.3400","9.7500","9.2400"
"2014/05/28","9.2100","42114.0000","9.0000","9.3600","8.9700"
"2014/05/27","8.5400","40544.0000","8.3940","8.5780","8.1000"
"2014/05/23","8.4000","20565.0000","8.2800","8.5700","8.2000"
"2014/05/22","8.2400","38749.0000","8.1700","8.6760","8.0500"
"2014/05/21","8.2300","25036.0000","8.0700","8.7400","8.0700"
"2014/05/20","8.0800","32178.0000","7.7000","8.1000","7.6200"
"2014/05/19","7.7200","77308.0000","8.0000","8.1000","7.5810"
"2014/05/16","8.1800","67125.0000","8.6000","8.6400","8.1000"
"2014/05/15","8.6400","35828.0000","8.8800","8.9840","8.6400"
"2014/05/14","9.0000","26644.0000","9.0700","9.3560","8.7700"
"2014/05/13","9.1500","26311.0000","8.9800","9.2000","8.7610"
"2014/05/12","9.0500","46704.0000","8.9400","9.1500","8.7000"
"2014/05/09","8.8300","22224.0000","8.6400","9.0050","8.4900"
"2014/05/08","8.7000","98008.0000","7.9900","9.3800","7.8000"
"2014/05/07","9.3400","55079.0000","9.5000","9.5500","9.0400"
"2014/05/06","9.5400","35046.0000","9.6000","9.7200","9.4240"
"2014/05/05","9.6600","48277.0000","9.1600","9.6900","9.0800"
"2014/05/02","9.1400","54658.0000","8.8200","9.1701","8.8200"
"2014/05/01","8.7500","39820.0000","8.9100","8.9200","8.4500"
"2014/04/30","8.5500","21720.0000","8.3300","8.6600","8.3100"
"2014/04/29","8.3100","48805.0000","8.8600","8.8600","8.2600"
"2014/04/28","8.8300","38717.0000","8.9300","9.0000","8.8000"
"2014/04/25","8.9500","21429.0000","9.1560","9.1560","8.8700"
"2014/04/24","9.2100","22215.0000","9.0600","9.2350","8.8401"
"2014/04/23","9.0300","68247.0000","9.4000","9.4000","8.9210"
"2014/04/22","9.3700","29190.0000","9.3000","9.5190","9.1500"
"2014/04/21","9.3300","32440.0000","9.4200","9.5000","9.0200"
"2014/04/17","9.4500","13442.0000","9.2800","9.5600","9.2800"
"2014/04/16","9.3800","31526.0000","9.3900","9.4920","9.1003"
"2014/04/15","9.3400","34715.0000","9.5200","9.6000","8.9600"
"2014/04/14","9.5400","65057.0000","9.8500","10.0400","9.2400"
"2014/04/11","9.7500","33212.0000","9.7100","9.9999","9.7000"
"2014/04/10","9.8600","46352.0000","10.0000","10.0500","9.6900"
"2014/04/09","9.9400","87020.0000","9.8600","10.1900","9.5100"
"2014/04/08","10.0200","83306.0000","10.2000","10.6590","9.9100"
"2014/04/07","10.2400","96654.0000","11.3000","11.4940","9.9110"
"2014/04/04","11.3500","52588.0000","12.3600","12.3600","11.2500"
"2014/04/03","12.2300","37711.0000","12.8000","12.8000","12.0000"
"2014/04/02","12.8000","53857.0000","12.3700","13.0000","11.8701"
"2014/04/01","12.3400","73790.0000","12.1700","12.5000","11.5600"
"2014/03/31","12.1700","37615.0000","11.9300","12.3141","11.7200"
"2014/03/28","11.8500","39140.0000","12.3100","12.6100","11.7800"
"2014/03/27","12.2600","49878.0000","12.3200","12.7900","12.0700"
"2014/03/26","12.3500","110290.0000","12.8500","12.9900","11.9400"
"2014/03/25","12.7700","120173.0000","12.8900","13.3400","12.7700"
"2014/03/24","12.8900","99431.0000","13.1400","13.5000","12.5000"
"2014/03/21","13.1300","237599.0000","12.9900","13.2400","12.4978"
"2014/03/20","12.8700","40862.0000","13.4100","13.4800","12.7800"
"2014/03/19","13.4200","103247.0000","13.1200","13.7100","13.1100"
"2014/03/18","13.0200","93650.0000","12.8200","13.5700","12.7040"
"2014/03/17","12.6300","99657.0000","12.2100","12.7400","11.6900"
"2014/03/14","12.0100","52359.0000","11.4700","12.1500","11.3000"
"2014/03/13","11.4500","52286.0000","12.0000","12.0000","11.3600"
"2014/03/12","12.0800","46395.0000","12.1700","12.1900","11.5010"
"2014/03/11","12.1050","68913.0000","12.2500","12.4200","11.9600"
"2014/03/10","12.1100","63616.0000","12.9200","12.9500","11.8500"
"2014/03/07","13.1400","39802.0000","13.7400","13.7400","13.0200"
"2014/03/06","13.5100","113566.0000","13.0500","13.6200","12.7700"
"2014/03/05","12.9800","143436.0000","12.8000","13.2390","12.4410"
"2014/03/04","12.9000","274432.0000","12.2700","13.2400","12.1300"
"2014/03/03","12.0000","170486.0000","11.0000","12.3500","10.6700"
"2014/02/28","11.1600","123113.0000","11.1500","11.7100","10.8000"
"2014/02/27","11.3900","188955.0000","10.2000","11.5000","10.1900"
"2014/02/26","10.0500","45937.0000","10.0000","10.3000","9.8000"
"2014/02/25","9.9900","46865.0000","10.0400","10.4000","9.8300"
"2014/02/24","9.9400","25565.0000","10.0300","10.1955","9.9400"
"2014/02/21","9.9500","57217.0000","9.8000","10.1000","9.5500"
"2014/02/20","9.8700","47334.0000","10.1850","10.2900","9.8700"
"2014/02/19","9.9800","94214.0000","10.2000","10.2780","9.7000"
"2014/02/18","10.2600","86938.0000","10.0000","10.4600","9.9700"
"2014/02/14","9.8800","29767.0000","9.7500","9.9400","9.7500"
"2014/02/13","9.6600","18284.0000","9.2900","9.7600","9.2795"
"2014/02/12","9.3900","33662.0000","9.4400","9.6100","9.3400"
"2014/02/11","9.4400","77074.0000","9.6600","9.8990","9.2500"
"2014/02/10","9.5100","41423.0000","9.8900","10.0000","9.5000"
"2014/02/07","9.8900","163737.0000","9.9500","10.0900","9.5000"
"2014/02/06","8.8000","31101.0000","9.1101","9.1101","8.7400"
"2014/02/05","9.1200","22558.0000","8.9000","9.1360","8.5100"
"2014/02/04","9.0100","33551.0000","9.0400","9.2000","8.5600"
"2014/02/03","9.1400","47839.0000","9.7700","9.8330","9.0200"
"2014/01/31","9.6700","32693.0000","9.6900","9.8000","9.6009"
"2014/01/30","9.6800","71789.0000","9.5000","9.8000","9.4300"
"2014/01/29","9.4100","61357.0000","8.9900","9.5000","8.7100"
"2014/01/28","9.0200","23093.0000","9.1320","9.1320","8.7600"
"2014/01/27","8.8800","40991.0000","9.1900","9.1900","8.6500"
"2014/01/24","9.1700","22628.0000","9.4500","9.4500","8.9800"
"2014/01/23","9.4800","22525.0000","9.5000","9.6400","9.3000"
"2014/01/22","9.4900","31904.0000","9.4000","9.5900","9.1800"
"2014/01/21","9.3900","34602.0000","9.4000","9.5000","8.9500"
"2014/01/17","9.3900","59792.0000","9.5300","9.6500","9.2000"
"2014/01/16","9.3900","73176.0000","9.2900","9.5890","9.2800"
"2014/01/15","9.2500","101784.0000","8.8200","9.6600","8.8200"
"2014/01/14","8.9000","93352.0000","8.7000","9.1490","8.5700"
"2014/01/13","8.7300","56617.0000","8.8900","8.9660","8.2300"
"2014/01/10","8.8300","26031.0000","9.0000","9.3399","8.7204"
"2014/01/09","8.9900","159046.0000","8.4300","9.8000","8.1900"
"2014/01/08","8.3900","126680.0000","7.7100","8.4700","7.5300"
"2014/01/07","7.8000","39587.0000","7.3600","7.9100","7.2600"
"2014/01/06","7.2500","35844.0000","7.4600","7.4900","7.2000"
"2014/01/03","7.3900","50648.0000","7.1100","7.4825","7.0800"
"2014/01/02","7.0500","25281.0000","6.8700","7.1400","6.8700"
"2013/12/31","6.9600","52288.0000","6.5300","6.9800","6.5100"
"2013/12/30","6.6800","153677.0000","6.4200","6.6800","6.1900"
"2013/12/27","6.4700","61090.0000","6.4600","6.6700","6.2801"
"2013/12/26","6.5000","51260.0000","6.6800","6.6800","6.4500"
"2013/12/24","6.7100","8076.0000","6.7290","6.7300","6.6300"
"2013/12/23","6.7200","25966.0000","6.7800","6.7985","6.6100"
"2013/12/20","6.7700","39366.0000","6.8900","6.9500","6.6200"
"2013/12/19","6.9400","41930.0000","7.0100","7.0800","6.8500"
"2013/12/18","7.0700","52130.0000","7.3900","7.4200","6.8200"
"2013/12/17","7.4300","10238.0000","7.4230","7.4800","7.2900"
"2013/12/16","7.4200","18384.0000","7.3500","7.4700","7.2050"
"2013/12/13","7.3000","33058.0000","7.2900","7.5000","7.2000"
"2013/12/12","7.3900","52925.0000","6.9900","7.6100","6.9900"
"2013/12/11","7.0100","64015.0000","7.4700","7.6300","6.8900"
"2013/12/10","7.6000","32077.0000","7.7900","7.7900","7.5500"
"2013/12/09","7.7800","11875.0000","7.9100","7.9500","7.7500"
"2013/12/06","7.9500","6852.0000","8.1700","8.1700","7.9100"
"2013/12/05","8.2000","27073.0000","8.1100","8.2000","7.7800"
"2013/12/04","8.1000","44875.0000","7.6100","8.2200","7.6100"
"2013/12/03","7.5600","11641.0000","7.5000","7.6000","7.4100"
"2013/12/02","7.4700","19298.0000","7.6000","7.6500","7.4700"
"2013/11/29","7.6400","21976.0000","7.6100","7.7690","7.6000"
"2013/11/27","7.6800","20290.0000","7.8800","7.8800","7.6400"
"2013/11/26","7.8800","19758.0000","7.5200","7.9000","7.5200"
"2013/11/25","7.5300","55749.0000","8.0300","8.0300","7.4010"
"2013/11/22","8.0600","33352.0000","7.9400","8.1280","7.8600"
"2013/11/21","7.9800","55214.0000","8.2500","8.2500","7.9100"
"2013/11/20","8.2500","34093.0000","8.2000","8.2900","8.1000"
"2013/11/19","7.9300","37094.0000","8.0800","8.0800","7.9100"
"2013/11/18","8.1500","68862.0000","8.0500","8.2500","7.8600"
"2013/11/15","8.1400","32861.0000","8.3100","8.3100","8.0000"
"2013/11/14","8.3800","47479.0000","8.4200","8.5300","8.0649"
"2013/11/13","8.5000","27740.0000","8.5400","8.6400","8.2600"
"2013/11/12","8.7000","58368.0000","8.7200","8.8100","8.2600"
"2013/11/11","8.7900","120292.0000","8.1700","8.9900","8.1600"
"2013/11/08","8.2300","29784.0000","8.1100","8.2900","8.1000"
"2013/11/07","8.1800","47094.0000","8.3000","8.3100","8.0100"
"2013/11/06","8.3900","50533.0000","8.2000","8.4500","8.0000"
"2013/11/05","8.2200","32333.0000","8.1400","8.3100","8.0600"
"2013/11/04","8.2400","19019.0000","8.0400","8.3999","8.0100"
"2013/11/01","8.0400","5735.0000","8.0100","8.1000","7.9900"
"2013/10/31","8.0000","10029.0000","8.1500","8.1500","8.0000"
"2013/10/30","8.1300","9756.0000","8.2700","8.2700","8.0210"
"2013/10/29","8.2700","30361.0000","8.1600","8.5700","8.0100"
"2013/10/28","7.9800","34833.0000","8.2600","8.2600","7.9000"
"2013/10/25","8.2000","21407.0000","8.4000","8.4700","8.2000"
"2013/10/24","8.3500","11811.0000","8.4700","8.5500","8.3500"
"2013/10/23","8.4600","31115.0000","8.7300","8.9790","8.4400"
"2013/10/22","8.5400","115464.0000","8.2400","9.2100","8.2400"
"2013/10/21","8.1100","22829.0000","8.2100","8.2100","7.9575"
"2013/10/18","8.2700","36442.0000","8.2600","8.4000","7.8900"
"2013/10/17","7.9200","37235.0000","7.8200","8.1196","7.8000"
"2013/10/16","7.8500","18030.0000","7.6300","7.9890","7.6300"
"2013/10/15","7.6000","28532.0000","7.6300","8.2899","7.6000"
"2013/10/14","7.6600","16166.0000","7.6400","7.7500","7.5400"
"2013/10/11","7.6900","20960.0000","7.6500","7.7500","7.5000"
"2013/10/10","7.7500","29346.0000","7.9400","8.0199","7.6100"
"2013/10/09","7.7100","15573.0000","7.5500","8.0000","7.5500"
"2013/10/08","7.5400","75563.0000","7.7700","8.0200","7.3600"
"2013/10/07","7.6700","87679.0000","7.6300","8.5000","7.3110"
"2013/10/04","7.6100","28082.0000","7.4600","7.9799","7.3038"
"2013/10/03","7.6100","26545.0000","7.9500","7.9500","7.3700"
"2013/10/02","7.9400","43852.0000","7.8200","7.9900","7.7200"
"2013/10/01","7.8500","84115.0000","7.3900","8.0000","7.3900"
"2013/09/30","7.3000","32199.0000","7.1800","7.6000","7.1300"
"2013/09/27","7.3200","13441.0000","7.2100","7.4300","7.1600"
"2013/09/26","7.3000","10839.0000","7.3900","7.3900","7.1283"
"2013/09/25","7.3700","9604.0000","7.1300","7.5000","7.0700"
"2013/09/24","7.3100","22095.0000","7.2200","7.4500","6.9400"
"2013/09/23","7.2100","24519.0000","7.3100","7.3100","6.9300"
"2013/09/20","7.3800","21847.0000","7.5000","7.5000","7.2600"
"2013/09/19","7.5400","37664.0000","7.5000","7.5500","7.2000"
"2013/09/18","7.4800","38696.0000","7.4640","7.6800","7.2600"
"2013/09/17","7.4700","37707.0000","7.5990","7.6890","7.2700"
"2013/09/16","7.4900","63478.0000","7.0100","7.7000","6.9210"
"2013/09/13","6.9400","22865.0000","6.9700","7.1375","6.8800"
"2013/09/12","7.0400","9711.0000","7.0200","7.1900","6.9000"
"2013/09/11","7.0300","4775.0000","7.1500","7.1700","7.0000"
"2013/09/10","7.1400","12923.0000","7.0400","7.3100","6.9700"
"2013/09/09","7.0800","21690.0000","7.1900","7.2400","6.9300"
"2013/09/06","7.2100","37491.0000","7.6500","7.6500","7.1000"
"2013/09/05","7.6400","283684.0000","7.4100","7.7000","7.0000"
"2013/09/04","7.1100","151662.0000","6.3800","7.4900","6.3700"
"2013/09/03","6.1500","5831.0000","6.1900","6.2400","6.0500"
"2013/08/30","6.1600","22508.0000","6.1500","6.2400","5.9610"
"2013/08/29","6.1500","4610.0000","6.0400","6.2000","6.0100"
"2013/08/28","6.0600","28619.0000","6.0700","6.0800","5.9400"
"2013/08/27","6.1900","29716.0000","6.1700","6.2100","5.9900"
"2013/08/26","6.1800","24965.0000","6.2000","6.2490","5.9100"
"2013/08/23","6.1800","20882.0000","5.9600","6.2500","5.9600"
"2013/08/22","5.9800","12686.0000","5.7900","5.9800","5.7900"
"2013/08/21","5.8000","34641.0000","5.8290","5.8290","5.6000"
"2013/08/20","5.6800","13750.0000","5.5500","5.7400","5.5300"
"2013/08/19","5.5600","49725.0000","5.9700","5.9700","5.4400"
"2013/08/16","6.0400","24844.0000","6.1600","6.3000","5.9900"
"2013/08/15","6.1700","26446.0000","6.3200","6.3200","6.1200"
"2013/08/14","6.3100","22781.0000","6.3100","6.3500","6.1000"
"2013/08/13","6.3900","22148.0000","6.3700","6.4200","6.2400"
"2013/08/12","6.4100","18120.0000","6.3500","6.4800","6.3400"
"2013/08/09","6.3500","37968.0000","6.3500","6.5020","6.1000"
"2013/08/08","6.4500","29586.0000","6.4800","6.6000","6.3400"
"2013/08/07","6.4900","12049.0000","6.5400","6.5400","6.3500"
"2013/08/06","6.5100","17131.0000","6.3000","6.5640","6.3000"
"2013/08/05","6.3800","23450.0000","6.6600","6.6799","6.3000"
"2013/08/02","6.6100","9365.0000","6.6400","6.8100","6.6000"
"2013/08/01","6.6100","16205.0000","6.9000","6.9000","6.5500"
"2013/07/31","6.8540","19489.0000","6.8400","7.0400","6.7800"
"2013/07/30","6.7700","50346.0000","6.6900","6.9000","6.6510"
"2013/07/29","6.6500","14145.0000","6.6000","6.7500","6.6000"
"2013/07/26","6.6990","13476.0000","6.6000","6.6999","6.5000"
"2013/07/25","6.5800","13058.0000","6.6800","6.7400","6.5100"
"2013/07/24","6.6300","10404.0000","6.6600","6.8000","6.5300"
"2013/07/23","6.6000","18192.0000","6.7500","6.9290","6.5600"
"2013/07/22","6.8500","24961.0000","6.5600","6.9600","6.5600"
"2013/07/19","6.5900","19372.0000","6.5000","6.8690","6.5000"
"2013/07/18","6.5600","40691.0000","6.9500","6.9530","6.5100"
"2013/07/17","7.0000","19143.0000","6.9000","7.1600","6.9000"
"2013/07/16","6.8800","17678.0000","7.0800","7.3400","6.8600"
"2013/07/15","7.0000","61301.0000","7.3400","7.4000","6.8100"
"2013/07/12","7.2100","85331.0000","6.7000","7.3800","6.6700"
"2013/07/11","6.6500","46517.0000","6.0900","6.7400","6.0900"
"2013/07/10","6.0900","65410.0000","6.2740","6.3900","5.9100"
"2013/07/09","6.3400","41938.0000","6.2300","6.4310","6.1400"
"2013/07/08","6.3000","40597.0000","6.3400","6.6300","6.2100"
"2013/07/05","6.3800","35003.0000","6.3600","6.5700","6.1501"
"2013/07/03","6.3700","18352.0000","6.4500","6.5000","6.2900"
"2013/07/02","6.6200","31221.0000","6.9100","6.9100","6.5800"
"2013/07/01","6.8600","52131.0000","6.4400","6.9590","6.4400"
"2013/06/28","6.3600","51035.0000","6.2100","6.7140","6.1300"
"2013/06/27","6.2600","110387.0000","7.1200","7.1600","6.2000"
"2013/06/26","7.0500","142109.0000","7.4000","7.8800","6.7900"
"2013/06/25","7.2700","300124.0000","7.0000","7.9291","6.9250"
"2013/06/24","7.0700","146210.0000","6.4100","7.1800","6.1000"
"2013/06/21","6.4100","107728.0000","6.3400","6.4800","6.0000"
"2013/06/20","6.3500","251216.0000","5.7300","6.8500","5.5900"
"2013/06/19","5.6700","120296.0000","5.2000","5.8200","5.2000"
"2013/06/18","4.9800","25253.0000","4.9100","5.1860","4.7300"
"2013/06/17","4.8900","26485.0000","5.1500","5.1500","4.7400"
"2013/06/14","5.1700","21919.0000","5.2000","5.3300","5.1500"
"2013/06/13","5.2800","19005.0000","5.2500","5.2800","5.2500"
"2013/06/12","5.2500","16250.0000","5.3200","5.3300","4.8300"
"2013/06/11","5.3000","33025.0000","5.1400","5.3200","5.0600"
"2013/06/10","5.1000","21022.0000","5.0700","5.2200","5.0200"
"2013/06/07","5.0700","13305.0000","5.0300","5.2000","5.0200"
"2013/06/06","5.0300","36637.0000","5.3000","5.3400","4.9700"
"2013/06/05","5.2400","40388.0000","5.2100","5.3500","5.1000"
"2013/06/04","5.0800","35138.0000","4.8250","5.2000","4.8250"
"2013/06/03","4.9800","78953.0000","5.1800","5.2500","4.8398"
"2013/05/31","5.2500","52984.0000","5.4100","5.4694","5.2100"
"2013/05/30","5.3600","92101.0000","5.1400","5.5000","5.1400"
"2013/05/29","5.1900","85194.0000","5.1300","5.2000","4.8800"
"2013/05/28","5.1500","157674.0000","4.7500","5.2500","4.7200"
"2013/05/24","4.7000","38642.0000","4.6000","4.7000","4.4600"
"2013/05/23","4.6600","57768.0000","4.4500","4.6960","4.2610"
"2013/05/22","4.4900","46294.0000","4.6300","4.6490","4.4400"
"2013/05/21","4.7000","152340.0000","4.5100","4.7000","4.2000"
"2013/05/20","4.5000","145389.0000","3.8000","4.5000","3.7200"
"2013/05/17","3.8000","29417.0000","3.7700","3.8890","3.7600"
"2013/05/16","3.7910","71595.0000","3.9100","3.9556","3.7500"
"2013/05/15","3.9200","62471.0000","4.0100","4.0900","3.9200"
"2013/05/14","4.0500","62266.0000","3.9400","4.0800","3.8000"
"2013/05/13","3.9900","43561.0000","3.8600","4.0900","3.7100"
"2013/05/10","3.8700","105482.0000","4.0800","4.0800","3.7800"
"2013/05/09","4.0500","76512.0000","3.8900","4.1700","3.7000"
"2013/05/08","3.7900","75759.0000","3.6500","3.9300","3.5800"
"2013/05/07","3.6800","47253.0000","3.5500","3.7900","3.5500"
"2013/05/06","3.5800","16704.0000","3.6500","3.7400","3.5600"
"2013/05/03","3.7000","79026.0000","3.6100","3.7000","3.5200"
"2013/05/02","3.6300","17963.0000","3.6600","3.6700","3.6000"
"2013/05/01","3.6900","22518.0000","3.6800","3.7090","3.5800"
"2013/04/30","3.7400","20793.0000","3.6600","3.7900","3.5800"
"2013/04/29","3.7000","26161.0000","3.8200","3.8200","3.6200"
"2013/04/26","3.7200","57414.0000","3.4600","3.8300","3.3900"
"2013/04/25","3.5000","137074.0000","3.4200","3.9300","3.4200"
"2013/04/24","3.4000","56699.0000","3.2200","3.4800","3.2200"
"2013/04/23","3.2400","58832.0000","3.2900","3.3900","3.2100"
"2013/04/22","3.3200","32053.0000","3.3100","3.4265","3.2100"
"2013/04/19","3.3200","44104.0000","3.4200","3.4399","3.3000"
"2013/04/18","3.4210","24286.0000","3.5500","3.6600","3.4200"
"2013/04/17","3.5300","40102.0000","3.6300","3.6300","3.5100"
"2013/04/16","3.6800","24367.0000","3.6000","3.7398","3.5700"
"2013/04/15","3.5900","22359.0000","3.7500","3.7500","3.5800"
"2013/04/12","3.8000","8754.0000","3.8400","3.8400","3.7200"
"2013/04/11","3.8300","16830.0000","3.8200","3.9000","3.8200"
"2013/04/10","3.8600","32637.0000","3.7100","3.8936","3.7100"
"2013/04/09","3.8300","46792.0000","3.6100","3.8500","3.6100"
"2013/04/08","3.6100","5620.0000","3.6000","3.6400","3.6000"
"2013/04/05","3.6000","13675.0000","3.6800","3.6800","3.6000"
"2013/04/04","3.6500","15050.0000","3.7400","3.7400","3.6100"
"2013/04/03","3.7000","25319.0000","3.6500","3.7000","3.6096"
"2013/04/02","3.6200","11084.0000","3.6800","3.6800","3.5600"
"2013/04/01","3.6700","26099.0000","3.5900","3.7200","3.5110"
"2013/03/28","3.6399","39678.0000","3.5100","3.7800","3.5100"
"2013/03/27","3.5301","11599.0000","3.5600","3.5700","3.5100"
"2013/03/26","3.6000","13882.0000","3.6000","3.6000","3.5300"
"2013/03/25","3.6000","7149.0000","3.5000","3.6000","3.5000"
"2013/03/22","3.5300","12385.0000","3.5500","3.6200","3.5000"
"2013/03/21","3.5800","14704.0000","3.6400","3.6400","3.5300"
"2013/03/20","3.6100","25787.0000","3.4700","3.7100","3.4700"
"2013/03/19","3.4900","14469.0000","3.4300","3.5600","3.4100"
"2013/03/18","3.4300","40499.0000","3.5900","3.5900","3.4000"
"2013/03/15","3.5600","201857.0000","3.9100","3.9100","3.5300"
"2013/03/14","3.9400","11748.0000","4.0600","4.0600","3.8700"
"2013/03/13","4.0400","6031.0000","4.0000","4.0500","3.9900"
"2013/03/12","4.0200","23331.0000","3.9700","4.0800","3.9100"
"2013/03/11","3.9600","30737.0000","3.8900","3.9600","3.8700"
"2013/03/08","3.9000","26205.0000","3.7200","3.9500","3.7200"
"2013/03/07","3.7300","39362.0000","3.8100","3.8100","3.6560"
"2013/03/06","3.7800","59360.0000","3.7600","3.8500","3.7000"
"2013/03/05","3.7000","52104.0000","3.8000","3.8300","3.6600"
"2013/03/04","3.8000","72891.0000","3.9300","3.9300","3.7548"
"2013/03/01","3.9600","9204.0000","3.9900","3.9900","3.9200"
"2013/02/28","3.9900","10570.0000","3.9800","4.0900","3.9800"
"2013/02/27","3.9700","77548.0000","4.1100","4.1100","3.8900"
"2013/02/26","4.1300","42348.0000","4.1500","4.1500","4.0500"
"2013/02/25","4.1500","65719.0000","4.1800","4.3800","4.1100"
"2013/02/22","4.1800","47363.0000","4.2200","4.2780","4.1500"
"2013/02/21","4.2180","56374.0000","4.3500","4.4000","4.2000"
"2013/02/20","4.4200","43078.0000","4.5000","4.6100","4.3901"
"2013/02/19","4.6300","53174.0000","4.7900","4.8500","4.6100"
"2013/02/15","4.7500","69374.0000","4.5000","4.8000","4.4900"
"2013/02/14","4.4700","72394.0000","4.1800","4.5700","4.1800"
"2013/02/13","4.2400","70178.0000","3.9800","4.2600","3.9600"
"2013/02/12","3.9800","11855.0000","3.9000","3.9899","3.8900"
"2013/02/11","3.9300","11142.0000","3.9600","3.9899","3.8900"
"2013/02/08","3.9500","47384.0000","3.9500","3.9900","3.8500"
"2013/02/07","3.9600","28473.0000","4.0100","4.0100","3.9500"
"2013/02/06","3.9600","22226.0000","3.9600","3.9900","3.9500"
"2013/02/05","3.9600","16492.0000","3.9500","3.9900","3.9500"
"2013/02/04","3.9300","31307.0000","3.8800","3.9800","3.8800"
"2013/02/01","3.9300","21871.0000","3.8900","4.0100","3.8900"
"2013/01/31","3.9100","33286.0000","3.9100","3.9300","3.7502"
"2013/01/30","3.9300","26136.0000","3.9200","4.0000","3.9200"
"2013/01/29","3.9600","18370.0000","3.9600","3.9700","3.9101"
"2013/01/28","3.9200","38198.0000","4.0000","4.0200","3.9000"
"2013/01/25","4.0200","15850.0000","4.0300","4.0700","4.0200"
"2013/01/24","4.0500","78820.0000","4.1500","4.2000","4.0300"
"2013/01/23","4.1690","83356.0000","4.0800","4.2450","4.0400"
"2013/01/22","4.0300","42683.0000","3.9500","4.0500","3.9000"
"2013/01/18","3.9400","42996.0000","3.9300","3.9500","3.8500"
"2013/01/17","3.8100","31113.0000","3.8200","3.9100","3.8100"
"2013/01/16","3.8100","40380.0000","3.8100","3.9600","3.7900"
"2013/01/15","3.8500","46505.0000","4.0000","4.0398","3.7800"
"2013/01/14","4.0100","52696.0000","3.9900","4.0850","3.9000"
"2013/01/11","3.9800","23479.0000","4.0500","4.0610","3.9310"
"2013/01/10","3.9900","70791.0000","4.0000","4.1620","3.9700"
"2013/01/09","3.9800","98268.0000","3.9500","3.9800","3.8900"
"2013/01/08","3.8400","87148.0000","3.8600","3.8900","3.7020"
"2013/01/07","3.8100","87889.0000","3.7800","3.8800","3.7400"
"2013/01/04","3.9000","196542.0000","3.6700","3.9400","3.5900"
"2013/01/03","3.6800","185484.0000","3.4200","3.7300","3.3800"
"2013/01/02","3.3900","42550.0000","3.2600","3.4000","3.2398"
"2012/12/31","3.2200","76015.0000","3.1300","3.2242","3.1037"
"2012/12/28","3.1220","41049.0000","3.1300","3.1900","3.1200"
"2012/12/27","3.1314","52090.0000","3.2800","3.2800","3.1000"
"2012/12/26","3.2800","30706.0000","3.2500","3.2974","3.2100"
"2012/12/24","3.2900","31570.0000","3.3000","3.3100","3.2000"
"2012/12/21","3.2800","106068.0000","3.2000","3.3500","3.2000"
"2012/12/20","3.2500","31455.0000","3.2600","3.2800","3.1600"
"2012/12/19","3.2800","66915.0000","3.1200","3.3200","3.1200"
"2012/12/18","3.1300","85014.0000","3.0700","3.1500","3.0500"
"2012/12/17","3.0400","40945.0000","3.0000","3.0700","2.9600"
"2012/12/14","3.0000","35668.0000","3.0200","3.1400","3.0000"
"2012/12/13","3.0000","33266.0000","3.1000","3.1100","3.0000"
"2012/12/12","3.1000","52115.0000","2.9400","3.1500","2.9400"
"2012/12/11","2.9600","25298.0000","2.9300","3.1000","2.9300"
"2012/12/10","2.9500","7039.0000","2.9000","2.9500","2.9000"
"2012/12/07","2.9000","50092.0000","2.9700","3.0000","2.9000"
"2012/12/06","2.9600","46536.0000","2.9600","2.9800","2.9000"
"2012/12/05","2.9850","79472.0000","3.0500","3.0800","2.9101"
"2012/12/04","3.0800","28302.0000","3.1600","3.2100","3.0800"
"2012/12/03","3.1574","21325.0000","3.2000","3.2200","3.0090"
"2012/11/30","3.2200","74777.0000","3.1900","3.3240","3.1600"
"2012/11/29","3.1400","59201.0000","3.0700","3.1800","3.0500"
"2012/11/28","3.0700","30825.0000","3.1000","3.1000","3.0500"
"2012/11/27","3.0900","38438.0000","2.9900","3.1000","2.9500"
"2012/11/26","2.9700","30295.0000","2.9700","2.9700","2.9500"
"2012/11/23","2.9700","16861.0000","3.0000","3.0100","2.9500"
"2012/11/21","2.9900","13758.0000","2.9100","2.9900","2.9000"
"2012/11/20","2.9100","20755.0000","2.9500","2.9899","2.9100"
"2012/11/19","2.9500","21107.0000","3.0000","3.0000","2.9101"
"2012/11/16","2.9440","32639.0000","2.9900","2.9900","2.9400"
"2012/11/15","3.0000","17188.0000","3.0100","3.0800","3.0000"
"2012/11/14","3.0300","22092.0000","3.0000","3.0500","3.0000"
"2012/11/13","3.0100","32315.0000","3.0300","3.1000","3.0000"
"2012/11/12","3.0400","12111.0000","3.0500","3.1900","3.0400"
"2012/11/09","3.0600","49955.0000","3.0800","3.1200","3.0600"
"2012/11/08","3.1200","24682.0000","3.1600","3.1800","3.1000"
"2012/11/07","3.1900","27737.0000","3.1500","3.1900","3.0800"
"2012/11/06","3.1300","13561.0000","3.1600","3.1900","3.1300"
"2012/11/05","3.1500","12113.0000","3.1700","3.1900","3.1100"
"2012/11/02","3.1700","31334.0000","3.1900","3.2500","3.0800"
"2012/11/01","3.1700","17288.0000","3.1800","3.2500","3.1500"
"2012/10/31","3.2000","59277.0000","3.3400","3.3400","3.1700"
"2012/10/26","3.3660","42360.0000","3.3550","3.3900","3.3500"
"2012/10/25","3.3700","9079.0000","3.3600","3.4200","3.3300"
"2012/10/24","3.3600","19014.0000","3.3100","3.3800","3.3000"
"2012/10/23","3.3200","8424.0000","3.3200","3.3800","3.2400"
"2012/10/22","3.3600","17207.0000","3.3900","3.3900","3.3600"
"2012/10/19","3.3600","100033.0000","3.3000","3.4200","3.3000"
"2012/10/18","3.3100","28621.0000","3.2800","3.3700","3.2200"
"2012/10/17","3.3000","15305.0000","3.2700","3.3200","3.2300"
"2012/10/16","3.3100","38778.0000","3.2500","3.3200","3.2000"
"2012/10/15","3.2200","21927.0000","3.1400","3.2800","3.1400"
"2012/10/12","3.1500","33139.0000","3.1200","3.2000","3.0581"
"2012/10/11","3.1200","16910.0000","3.1600","3.1600","3.1100"
"2012/10/10","3.1200","30534.0000","3.1100","3.1600","3.0900"
"2012/10/09","3.1200","78068.0000","3.2000","3.2200","3.1100"
"2012/10/08","3.2200","27547.0000","3.3000","3.3000","3.2100"
"2012/10/05","3.2600","59399.0000","3.2620","3.3200","3.2500"
"2012/10/04","3.2800","25901.0000","3.3000","3.3000","3.2500"
"2012/10/03","3.2800","20133.0000","3.2900","3.3199","3.2500"
"2012/10/02","3.3200","83331.0000","3.2500","3.3300","3.2200"
"2012/10/01","3.2250","112284.0000","3.3300","3.3300","3.2000"
"2012/09/28","3.3100","79911.0000","3.3500","3.4200","3.2700"
"2012/09/27","3.3800","155303.0000","3.5700","3.5700","3.3400"
"2012/09/26","3.5300","25900.0000","3.5200","3.5600","3.5000"
"2012/09/25","3.5200","58401.0000","3.5500","3.5700","3.4900"
"2012/09/24","3.5600","48704.0000","3.5700","3.6400","3.5500"
"2012/09/21","3.5700","121746.0000","3.5800","3.6000","3.5000"
"2012/09/20","3.5800","54650.0000","3.6000","3.6500","3.5000"
"2012/09/19","3.6300","61615.0000","3.7500","3.7500","3.6100"
"2012/09/18","3.7200","68688.0000","3.7400","3.8100","3.7000"
"2012/09/17","3.7600","69300.0000","3.8200","3.9410","3.7300"
"2012/09/14","3.8200","113930.0000","3.9000","3.9400","3.8200"
"2012/09/13","3.9300","66336.0000","3.9200","3.9500","3.8210"
"2012/09/12","3.9100","40786.0000","3.9100","3.9500","3.9000"
"2012/09/11","3.9300","16747.0000","3.9000","3.9800","3.9000"
"2012/09/10","3.9100","23262.0000","3.9000","3.9760","3.9000"
"2012/09/07","3.9100","22438.0000","3.9500","3.9500","3.9000"
"2012/09/06","3.9200","20875.0000","3.9700","3.9700","3.9100"
"2012/09/05","3.9400","22052.0000","3.9800","4.0300","3.9400"
"2012/09/04","3.9900","53006.0000","3.9800","4.0500","3.9600"
"2012/08/31","3.9500","53808.0000","3.9500","3.9700","3.8300"
"2012/08/30","3.9200","4962.0000","3.9000","3.9700","3.8800"
"2012/08/29","3.9400","8834.0000","3.9000","3.9600","3.9000"
"2012/08/28","3.9100","20867.0000","3.9600","3.9600","3.9000"
"2012/08/27","3.9700","16103.0000","4.0000","4.0000","3.9300"
"2012/08/24","3.9800","30933.0000","3.9900","4.0000","3.9500"
"2012/08/23","3.9900","18024.0000","3.8600","4.0300","3.8600"
"2012/08/22","3.8800","48582.0000","3.9500","3.9800","3.8500"
"2012/08/21","3.9800","72632.0000","3.9800","4.0700","3.9700"
"2012/08/20","3.9500","78858.0000","3.9500","4.1100","3.9100"
"2012/08/17","3.9900","14701.0000","3.9500","4.0000","3.9360"
"2012/08/16","3.9300","43914.0000","3.9100","4.0200","3.9100"
"2012/08/15","3.9000","27769.0000","3.9400","3.9700","3.8500"
"2012/08/14","3.9200","17619.0000","3.8600","4.0100","3.8600"
"2012/08/13","3.8800","22154.0000","3.8900","3.9200","3.8500"
"2012/08/10","3.8900","130164.0000","3.7100","3.9700","3.7100"
"2012/08/09","4.1100","149535.0000","4.1750","4.2390","3.8500"
"2012/08/08","3.9600","80753.0000","4.0700","4.1100","3.9400"
"2012/08/07","4.0800","63418.0000","4.1700","4.1700","4.0605"
"2012/08/06","4.1600","63169.0000","4.3500","4.3500","4.1200"
"2012/08/03","4.3800","24113.0000","4.3800","4.4100","4.3000"
"2012/08/02","4.3100","91224.0000","4.1500","4.3500","4.1460"
"2012/08/01","4.1600","25206.0000","4.2900","4.3400","4.1200"
"2012/07/31","4.2500","19946.0000","4.2100","4.3000","4.2100"
"2012/07/30","4.2100","29578.0000","4.4100","4.4300","4.2100"
"2012/07/27","4.4100","44790.0000","4.3400","4.4300","4.2110"
"2012/07/26","4.2950","45384.0000","4.3400","4.4100","4.2200"
"2012/07/25","4.3000","50547.0000","4.3200","4.3400","4.2420"
"2012/07/24","4.3000","51735.0000","4.1300","4.3100","4.0610"
"2012/07/23","4.1100","40565.0000","4.1600","4.1800","4.0500"
"2012/07/20","4.2200","24457.0000","4.1700","4.2300","4.1100"
"2012/07/19","4.1800","85702.0000","4.1200","4.2400","4.0600"
"2012/07/18","4.1100","27287.0000","4.0400","4.1500","4.0400"
"2012/07/17","4.0400","65704.0000","4.1900","4.1900","4.0400"
"2012/07/16","4.1500","51885.0000","4.1150","4.2100","4.0900"
"2012/07/13","4.1400","34864.0000","4.1900","4.2200","4.1100"
"2012/07/12","4.1500","93625.0000","4.1000","4.2300","4.0300"
"2012/07/11","4.1800","86684.0000","4.1400","4.3400","4.1100"
"2012/07/10","4.1200","79605.0000","4.1900","4.2100","4.0500"
"2012/07/09","4.1700","79946.0000","4.1600","4.2000","4.0900"
"2012/07/06","4.1400","98723.0000","4.2300","4.2899","4.0700"
"2012/07/05","4.2700","166471.0000","3.9200","4.3100","3.9110"
"2012/07/03","3.9600","180661.0000","3.7700","4.0100","3.7700"
"2012/07/02","3.7900","279845.0000","3.7600","3.8540","3.6500"
"2012/06/29","3.7600","207616.0000","3.9800","3.9800","3.7500"
"2012/06/28","3.8600","313584.0000","3.9700","4.0000","3.8600"
"2012/06/27","3.9700","246166.0000","4.1400","4.1500","3.9600"
"2012/06/26","4.1600","72877.0000","4.1800","4.1900","4.1000"
"2012/06/25","4.1600","117872.0000","4.2100","4.3100","4.1500"
"2012/06/22","4.2800","1331249.0000","4.2400","4.3400","4.2300"
"2012/06/21","4.2200","166928.0000","4.3400","4.3400","4.2000"
"2012/06/20","4.3500","104884.0000","4.2200","4.4800","4.2200"
"2012/06/19","4.1900","178045.0000","4.2300","4.3200","4.1800"
"2012/06/18","4.2200","185711.0000","4.3500","4.3800","4.1800"
"2012/06/15","4.3800","180826.0000","4.5900","4.6300","4.3800"
"2012/06/14","4.6100","87114.0000","4.5700","4.6300","4.4200"
"2012/06/13","4.5400","102251.0000","4.5400","4.6300","4.5100"
"2012/06/12","4.5400","128639.0000","4.4100","4.6600","4.3900"
"2012/06/11","4.3800","122203.0000","4.6200","4.6200","4.3700"
"2012/06/08","4.5800","105942.0000","4.4700","4.6400","4.4100"
"2012/06/07","4.5000","113824.0000","4.9700","4.9700","4.5000"
"2012/06/06","4.8900","123811.0000","4.6100","4.9800","4.6000"
"2012/06/05","4.5400","123969.0000","4.4900","4.6300","4.4800"
"2012/06/04","4.5100","56844.0000","4.7000","4.7100","4.5000"
"2012/06/01","4.7100","169909.0000","4.3800","4.8100","4.3800"
"2012/05/31","4.5200","128056.0000","4.4200","4.5500","4.3900"
"2012/05/30","4.4000","76124.0000","4.2800","4.4500","4.1500"
"2012/05/29","4.3600","109180.0000","4.3700","4.4700","4.2900"
"2012/05/25","4.3500","238843.0000","4.3200","4.6400","4.2800"
"2012/05/24","4.3200","116530.0000","4.4100","4.4400","4.2325"
"2012/05/23","4.4100","214621.0000","4.1700","4.4600","4.1100"
"2012/05/22","4.2400","147325.0000","4.2000","4.2500","4.1000"
"2012/05/21","4.1600","139582.0000","4.1800","4.4500","4.1000"
"2012/05/18","4.1100","365284.0000","4.4600","4.4600","4.0000"
"2012/05/17","4.4600","156022.0000","4.6100","4.6100","4.4100"
"2012/05/16","4.6000","168173.0000","4.8400","4.8600","4.6000"
"2012/05/15","4.7900","306948.0000","5.0900","5.1900","4.7700"
"2012/05/14","5.1100","275963.0000","5.3500","5.3500","5.0000"
"2012/05/11","5.4000","680193.0000","6.0000","6.0400","5.2200"
"2012/05/10","6.8000","134286.0000","7.0000","7.0500","6.7200"
"2012/05/09","6.9600","107604.0000","7.1900","7.3100","6.9450"
"2012/05/08","7.3300","92972.0000","6.9900","7.3700","6.9500"
"2012/05/07","7.0800","76614.0000","6.9100","7.1700","6.9000"
